origin_mode,matrix,configuration,status,expected_forecasts,available_score_rows,missing_score_rows,recording_hash_blocks,seeds_per_origin,success_rows,failed_rows,fde_m,mean_within_forecast_q0.5_m,mean_within_forecast_q0.9_m,mean_within_forecast_q0.95_m
causal_prefix,NEX326-methods,arm-01/full,computed,230,230,0,46,5,230,0,1326.0918029570767,1564.9781751422963,2205.443812041636,2346.622655693915
causal_prefix,NEX326-methods,arm-02/pointwise,computed,230,230,0,46,5,230,0,1324.1769399266336,1384.153484736714,1800.4709082910674,1918.6492496961769
causal_prefix,NEX326-methods,arm-03/single_gaussian,computed,230,230,0,46,5,230,0,1316.447202985561,1394.3119513839542,1834.562034485123,1958.0790009106292
causal_prefix,NEX326-methods,arm-04/gmm_kernel,computed,230,230,0,46,5,230,0,1299.105653917597,1419.3424341236305,1979.1401135819362,2138.115887814658
causal_prefix,NEX326-methods,arm-05/explicit_decomp,computed,230,230,0,46,5,230,0,1403.0847230677907,1454.9109229413004,1816.385585938886,1919.6768913005938
causal_prefix,NEX326-methods,arm-06/dt30,computed,230,230,0,46,5,230,0,1317.553774464761,1543.8694803487863,2109.9446763000947,2213.6973875105473
causal_prefix,NEX326-methods,arm-06/dt60,computed,230,230,0,46,5,230,0,1326.0918029570767,1564.9781751422963,2205.443812041636,2346.622655693915
causal_prefix,NEX326-methods,arm-06/dt120,computed,230,230,0,46,5,230,0,1329.8141035646568,1593.2582653248433,2340.1942858795765,2516.181134146047
causal_prefix,NEX326-methods,arm-06/dt300,computed,230,230,0,46,5,230,0,1335.7318898865938,1663.2771148345507,2585.4803384045044,2827.568433806519
causal_prefix,NEX326-methods,arm-06/dt600,computed,230,230,0,46,5,230,0,1340.9389117738315,1761.2404951419521,2836.7904714559613,3125.242724942671
causal_prefix,NEX326-methods,arm-07/full,computed,230,230,0,46,5,230,0,1322.134840737624,1559.4250730045476,2203.5956472057355,2339.158093362458
causal_prefix,NEX326-methods,arm-08/qmle,computed,230,230,0,46,5,230,0,1325.1450509971933,1561.3658437826252,2211.3280501998015,2347.1530386468635
causal_prefix,NEX326-methods,arm-09/mixed,computed,230,230,0,46,5,230,0,1315.6538075414367,1541.9819512307542,2201.8854450886824,2345.016964343587
causal_prefix,NEX326-methods,arm-09/pure_es,computed,230,230,0,46,5,230,0,1318.4823368931259,1544.6023560442488,2201.5530165989044,2343.3900101081404
causal_prefix,NEX326-methods,arm-10/d2_mc,computed,230,230,0,46,5,230,0,1322.134840737624,1559.4250730045476,2203.5956472057355,2339.158093362458
causal_prefix,NEX326-methods,arm-10/d2_closed,computed,230,230,0,46,5,230,0,1322.134840737624,1559.4250730045476,2203.5956472057355,2339.158093362458
causal_prefix,NEX326-methods,arm-11/full,computed,230,230,0,46,5,230,0,1320.70063390923,1557.473741833864,2202.1183394545237,2338.688014273363
causal_prefix,NEX326-methods,arm-12/scratch,computed,230,230,0,46,5,230,0,1338.9568615089088,1598.4027569346888,2270.5854593338277,2412.068626961794
causal_prefix,NEX326-methods,arm-14/reptile,computed,230,230,0,46,5,230,0,1320.8083482395912,1531.0177912149916,2165.1407391607304,2311.8631870834042
causal_prefix,NEX326-methods,arm-15/drift_only,computed,230,230,0,46,5,230,0,1320.617637997654,1558.113499586388,2201.4911265071023,2339.7584138034363
causal_prefix,NEX326-methods,arm-15/two_step,computed,230,230,0,46,5,230,0,1322.3994323463949,1561.3731474145686,2205.2808730106235,2345.867285898255
causal_prefix,NEX326-methods,arm-16/full,computed,230,230,0,46,5,230,0,1321.242691312827,1555.45314131803,2202.9524593458164,2343.1416418111785
causal_prefix,NEX326-methods,arm-18/full,computed,230,230,0,46,5,230,0,1324.9746862167058,1562.4000146965682,2206.024622312728,2344.5759128668556
causal_prefix,NEX326-methods,arm-19/em,computed,230,230,0,46,5,230,0,1324.9892338924055,1562.290958141486,2205.755624399808,2344.2812106555616
causal_prefix,NEX326-methods,arm-19/euler,computed,230,230,0,46,5,230,0,1324.9892338924055,1562.290958141486,2205.755624399808,2344.2812106555616
causal_prefix,NEX326-methods,arm-20/full,computed,230,230,0,46,5,230,0,1320.937314972707,1557.1234115627706,2203.9356713915486,2343.9862737567832
causal_prefix,NEX326-methods,arm-21/mc,computed,230,230,0,46,5,230,0,1319.9739896089754,1553.4847653952725,2202.835083958133,2342.228693406255
causal_prefix,NEX326-methods,arm-21/crn,computed,230,230,0,46,5,230,0,1320.9373071965456,1557.1238577483796,2203.935603733166,2343.986838715607
causal_prefix,terrain,all-terrain,unavailable,230,230,0,46,5,229,1,,,,
causal_prefix,terrain,base,computed,230,230,0,46,5,230,0,1408.070828427106,1576.5152902964805,2323.1769756043946,2531.3953751381005
causal_prefix,terrain,lio-river,unavailable,230,230,0,46,5,229,1,,,,
causal_prefix,terrain,lio-road,unavailable,230,230,0,46,5,229,1,,,,
causal_prefix,terrain,lio-surface,computed,230,230,0,46,5,230,0,1391.568417954944,1571.893388639821,2317.1790375641626,2525.502765634842
causal_prefix,terrain,lio-worldcover,computed,230,230,0,46,5,230,0,1396.1311751575467,1561.630710613332,2330.8650599905495,2544.677163259818
causal_prefix,terrain,loo-river,computed,230,230,0,46,5,230,0,1425.6175240134178,1613.59680429509,2346.515592990559,2559.6109943610822
causal_prefix,terrain,loo-road,computed,230,230,0,46,5,230,0,1422.7279135958695,1596.5481525135824,2321.633943706688,2529.9775712271276
causal_prefix,terrain,loo-surface,computed,230,230,0,46,5,230,0,1457.3060194245302,1617.8842111863094,2415.663902287148,2639.349916155633
causal_prefix,terrain,loo-worldcover,computed,230,230,0,46,5,230,0,1432.1946816147415,1620.6823643645314,2322.916186645015,2538.881985763981
causal_prefix,NEX326-diagnostic,diagnostic/full-exact-kernel,computed,230,230,0,46,5,230,0,1324.9746862127606,1562.4000170146778,2206.02463371632,2344.575926818222
causal_prefix,inertial,all,computed,46,46,0,46,1,46,0,2095.7834901174965,2095.7834901174965,2095.7834901174965,2095.7834901174965
known_velocity,NEX326-methods,arm-01/full,computed,30,30,0,6,5,30,0,1195.450213569326,1370.7041114311203,2102.5269896242085,2251.9833666515947
known_velocity,NEX326-methods,arm-02/pointwise,computed,30,30,0,6,5,30,0,1195.3013407043024,1247.7807814350717,1665.6077930613355,1782.683645308447
known_velocity,NEX326-methods,arm-03/single_gaussian,unavailable,30,30,0,6,5,29,1,,,,
known_velocity,NEX326-methods,arm-04/gmm_kernel,computed,30,30,0,6,5,30,0,1185.1828218527555,1285.0582678045214,1865.1227705175645,2026.6605880114846
known_velocity,NEX326-methods,arm-05/explicit_decomp,computed,30,30,0,6,5,30,0,1573.4083667055431,1610.261692357499,1981.9356010564077,2087.01065062049
known_velocity,NEX326-methods,arm-06/dt30,unavailable,30,30,0,6,5,29,1,,,,
known_velocity,NEX326-methods,arm-06/dt60,computed,30,30,0,6,5,30,0,1195.450213569326,1370.7041114311203,2102.5269896242085,2251.9833666515947
known_velocity,NEX326-methods,arm-06/dt120,computed,30,30,0,6,5,30,0,1202.994142114578,1412.5585021045715,2223.371655353129,2411.9244761514633
known_velocity,NEX326-methods,arm-06/dt300,computed,30,30,0,6,5,30,0,1203.071940084509,1498.9260261131412,2464.6519586931026,2697.783248360074
known_velocity,NEX326-methods,arm-06/dt600,computed,30,30,0,6,5,30,0,1176.5738185525015,1605.2925649162469,2709.0689751852806,2995.7541975024583
known_velocity,NEX326-methods,arm-07/full,computed,30,30,0,6,5,30,0,1203.8641546183533,1379.3223139847394,2103.7155406282513,2246.674466876432
known_velocity,NEX326-methods,arm-08/qmle,computed,30,30,0,6,5,30,0,1196.7922229193853,1370.5505210073707,2104.016022217358,2246.2563172348896
known_velocity,NEX326-methods,arm-09/mixed,computed,30,30,0,6,5,30,0,1203.8197281238506,1381.4257840106595,2072.768636364904,2227.9427070284178
known_velocity,NEX326-methods,arm-09/pure_es,computed,30,30,0,6,5,30,0,1201.4774469236852,1381.083999725066,2078.3268840694877,2221.3375214305065
known_velocity,NEX326-methods,arm-10/d2_mc,computed,30,30,0,6,5,30,0,1203.8641546183533,1379.3223139847394,2103.7155406282513,2246.674466876432
known_velocity,NEX326-methods,arm-10/d2_closed,computed,30,30,0,6,5,30,0,1203.8641546183533,1379.3223139847394,2103.7155406282513,2246.674466876432
known_velocity,NEX326-methods,arm-11/full,computed,30,30,0,6,5,30,0,1205.9536335261644,1372.7809079655663,2110.5131973611233,2261.655193761769
known_velocity,NEX326-methods,arm-12/scratch,computed,30,30,0,6,5,30,0,1233.0719648174238,1420.8429975920255,2169.257856443665,2313.6653235665785
known_velocity,NEX326-methods,arm-14/reptile,computed,30,30,0,6,5,30,0,1220.9023825510358,1368.593572183381,2066.684195794917,2228.9119710142872
known_velocity,NEX326-methods,arm-15/drift_only,computed,30,30,0,6,5,30,0,1210.7951899023487,1388.544151378612,2106.713745786172,2250.204622971247
known_velocity,NEX326-methods,arm-15/two_step,computed,30,30,0,6,5,30,0,1199.4609969222045,1371.9630585266996,2102.4837868453483,2250.572232981813
known_velocity,NEX326-methods,arm-16/full,computed,30,30,0,6,5,30,0,1198.1322064852986,1374.9105300376707,2099.7121885473784,2250.389211056345
known_velocity,NEX326-methods,arm-18/full,computed,30,30,0,6,5,30,0,1194.356533419195,1371.4112521477498,2102.047840149236,2239.894070581918
known_velocity,NEX326-methods,arm-19/em,computed,30,30,0,6,5,30,0,1194.354839149709,1371.2958325823595,2101.8393633492537,2239.646655349114
known_velocity,NEX326-methods,arm-19/euler,computed,30,30,0,6,5,30,0,1194.354839149709,1371.2958325823595,2101.8393633492537,2239.646655349114
known_velocity,NEX326-methods,arm-20/full,computed,30,30,0,6,5,30,0,1200.4921339412813,1370.7871985516977,2094.5705210337546,2241.090616082614
known_velocity,NEX326-methods,arm-21/mc,computed,30,30,0,6,5,30,0,1197.1915374112066,1370.9862880615774,2103.252494681908,2239.2787867598786
known_velocity,NEX326-methods,arm-21/crn,computed,30,30,0,6,5,30,0,1200.4922083807335,1370.7879217249417,2094.5712213970387,2241.0913228086115
known_velocity,terrain,all-terrain,computed,30,30,0,6,5,30,0,1122.095387064112,1294.4504083413892,1997.5411335100482,2193.345864674646
known_velocity,terrain,base,computed,30,30,0,6,5,30,0,1308.576009268532,1485.9286232048623,2201.09473110983,2400.889180443128
known_velocity,terrain,lio-river,computed,30,30,0,6,5,30,0,1173.0777058443798,1353.5390052456062,2077.1560887383707,2315.492109319184
known_velocity,terrain,lio-road,computed,30,30,0,6,5,30,0,1348.8836533571114,1522.3647229841115,2190.906591398111,2392.5466496947383
known_velocity,terrain,lio-surface,computed,30,30,0,6,5,30,0,1150.762619407791,1353.58292918425,2081.469655513019,2284.307011436125
known_velocity,terrain,lio-worldcover,computed,30,30,0,6,5,30,0,1316.0685987903464,1472.5311668180655,2209.1685886846994,2414.225103149266
known_velocity,terrain,loo-river,computed,30,30,0,6,5,30,0,1273.7772098299333,1453.1099888817669,2125.3424480213057,2313.1101409682083
known_velocity,terrain,loo-road,computed,30,30,0,6,5,30,0,1058.562679088161,1225.0640314121515,1933.4099178745935,2151.480672817363
known_velocity,terrain,loo-surface,computed,30,30,0,6,5,30,0,1255.637719535149,1386.3515470798284,2180.9114529786584,2392.1251651862426
known_velocity,terrain,loo-worldcover,computed,30,30,0,6,5,30,0,1134.0686763284184,1350.3693558480559,1990.3918510448893,2148.9151348877167
known_velocity,NEX326-diagnostic,diagnostic/full-exact-kernel,computed,30,30,0,6,5,30,0,1194.3565328994257,1371.4112572855126,2102.0478440205256,2239.8940769388605
known_velocity,inertial,all,computed,6,6,0,6,1,6,0,1598.6254312355652,1598.6254312355652,1598.6254312355652,1598.6254312355652
point_only,NEX326-methods,arm-01/full,computed,30,30,0,6,5,30,0,1200.2114672694163,1372.8748021339813,2106.9749455936885,2250.7107249569317
point_only,NEX326-methods,arm-02/pointwise,computed,30,30,0,6,5,30,0,1194.0700526972937,1247.292914425687,1663.8223490057387,1785.0048198671664
point_only,NEX326-methods,arm-03/single_gaussian,computed,30,30,0,6,5,30,0,1190.1679972093073,1252.1537121430063,1695.9842713413689,1826.0120399423329
point_only,NEX326-methods,arm-04/gmm_kernel,computed,30,30,0,6,5,30,0,1168.9358966082334,1272.81105440989,1844.3680813489027,1999.4553071025593
point_only,NEX326-methods,arm-05/explicit_decomp,computed,30,30,0,6,5,30,0,1503.6999579810208,1577.6865135034916,1964.2179545682404,2073.0816985165347
point_only,NEX326-methods,arm-06/dt30,computed,30,30,0,6,5,30,0,1202.2364657085207,1349.5674588346176,2020.6143149521024,2131.9406603740304
point_only,NEX326-methods,arm-06/dt60,computed,30,30,0,6,5,30,0,1200.2114672694163,1372.8748021339813,2106.9749455936885,2250.7107249569317
point_only,NEX326-methods,arm-06/dt120,computed,30,30,0,6,5,30,0,1193.143144939759,1409.9431506253768,2208.4686593737997,2388.1621224144133
point_only,NEX326-methods,arm-06/dt300,computed,30,30,0,6,5,30,0,1190.561926550164,1492.1540299669462,2445.6400219815696,2683.7689280157815
point_only,NEX326-methods,arm-06/dt600,computed,30,30,0,6,5,30,0,1179.328899985284,1597.0489834790199,2697.7119233356157,2986.149573838342
point_only,NEX326-methods,arm-07/full,computed,30,30,0,6,5,30,0,1199.3008822337274,1377.872893025964,2097.820809666781,2238.36220249427
point_only,NEX326-methods,arm-08/qmle,computed,30,30,0,6,5,30,0,1193.9390219947272,1366.8086994726193,2084.767161425611,2232.064715040825
point_only,NEX326-methods,arm-09/mixed,computed,30,30,0,6,5,30,0,1210.34844433566,1386.2298691946162,2083.016710216277,2239.986173969709
point_only,NEX326-methods,arm-09/pure_es,computed,30,30,0,6,5,30,0,1204.2332717264283,1387.7092950282397,2075.7501526875967,2229.796604499657
point_only,NEX326-methods,arm-10/d2_mc,computed,30,30,0,6,5,30,0,1199.3008822337274,1377.872893025964,2097.820809666781,2238.36220249427
point_only,NEX326-methods,arm-10/d2_closed,computed,30,30,0,6,5,30,0,1199.3008822337274,1377.872893025964,2097.820809666781,2238.36220249427
point_only,NEX326-methods,arm-11/full,computed,30,30,0,6,5,30,0,1198.910356597912,1376.7754166930638,2100.171188662702,2245.6480375918404
point_only,NEX326-methods,arm-12/scratch,computed,30,30,0,6,5,30,0,1238.5084321258528,1428.0858206964513,2164.475915407053,2308.998661923924
point_only,NEX326-methods,arm-14/reptile,computed,30,30,0,6,5,30,0,1219.333838937788,1360.9607510865217,2075.243796085114,2224.9741042567216
point_only,NEX326-methods,arm-15/drift_only,computed,30,30,0,6,5,30,0,1198.3700911342846,1369.4376042383392,2102.783239767102,2249.3485223881303
point_only,NEX326-methods,arm-15/two_step,computed,30,30,0,6,5,30,0,1194.6269047621847,1370.3460144289666,2108.2142537669197,2251.2013053359938
point_only,NEX326-methods,arm-16/full,computed,30,30,0,6,5,30,0,1205.929529880724,1378.6177995433015,2107.3344837658938,2245.752756108721
point_only,NEX326-methods,arm-18/full,computed,30,30,0,6,5,30,0,1197.2331751477539,1363.4889862280736,2099.7607038891724,2252.0286384894257
point_only,NEX326-methods,arm-19/em,computed,30,30,0,6,5,30,0,1197.2280904948584,1363.4043757102477,2099.4565151321644,2251.744325104423
point_only,NEX326-methods,arm-19/euler,computed,30,30,0,6,5,30,0,1197.2280904948584,1363.4043757102477,2099.4565151321644,2251.744325104423
point_only,NEX326-methods,arm-20/full,computed,30,30,0,6,5,30,0,1200.1916682726205,1374.634372829076,2106.103385472504,2254.447019043423
point_only,NEX326-methods,arm-21/mc,computed,30,30,0,6,5,30,0,1199.0852457229591,1372.7400325393785,2094.331528116704,2241.0132529020884
point_only,NEX326-methods,arm-21/crn,computed,30,30,0,6,5,30,0,1200.191653818581,1374.6346334492293,2106.1047177488217,2254.447340091952
point_only,terrain,all-terrain,computed,30,30,0,6,5,30,0,1212.9149459042999,1378.6220946026224,2088.5171221043015,2283.5984273261297
point_only,terrain,base,computed,30,30,0,6,5,30,0,1403.3952099694461,1564.488515441636,2307.061980748195,2516.8391171320254
point_only,terrain,lio-river,computed,30,30,0,6,5,30,0,1253.3088922701065,1417.5199631926878,2218.476062814256,2453.895096586602
point_only,terrain,lio-road,computed,30,30,0,6,5,30,0,1425.0466000001013,1573.5497418274672,2305.8247586501334,2506.9010663304416
point_only,terrain,lio-surface,computed,30,30,0,6,5,30,0,1257.9932759445526,1431.8346943956765,2195.3390111177223,2403.6364986910844
point_only,terrain,lio-worldcover,computed,30,30,0,6,5,30,0,1413.049547428045,1550.0511237886878,2308.6651149399036,2527.649746348891
point_only,terrain,loo-river,computed,30,30,0,6,5,30,0,1372.0514381630671,1525.3089020950335,2232.470419983954,2423.591338896547
point_only,terrain,loo-road,computed,30,30,0,6,5,30,0,1133.2575239112248,1266.35673485231,2051.7314397337395,2310.771004811564
point_only,terrain,loo-surface,computed,30,30,0,6,5,30,0,1355.112663665868,1467.6004582685664,2296.4990756305156,2519.2361668912804
point_only,terrain,loo-worldcover,computed,30,30,0,6,5,30,0,1194.8785675171205,1385.4733902587197,2050.772464978427,2243.2553041512415
point_only,NEX326-diagnostic,diagnostic/full-exact-kernel,computed,30,30,0,6,5,30,0,1197.2331749599764,1363.4889874696817,2099.7607245807126,2252.0286505659265
point_only,inertial,all,computed,6,6,0,6,1,6,0,1183.1319296921172,1183.1319296921172,1183.1319296921172,1183.1319296921172
