origin_mode,matrix,configuration,status,expected_forecasts,available_score_rows,missing_score_rows,recording_hash_blocks,seeds_per_origin,success_rows,failed_rows,nominal_seconds,actual_seconds_min,actual_seconds_max,crps_east_m,crps_north_m
causal_prefix,NEX326-methods,arm-01/full,computed,230,230,0,46,5,230,0,60,49.0,67.0,32.713411913637465,31.55107431754993
causal_prefix,NEX326-methods,arm-01/full,computed,230,230,0,46,5,230,0,300,294.0,305.0,157.30156066945972,153.31477756951827
causal_prefix,NEX326-methods,arm-01/full,computed,230,230,0,46,5,230,0,900,889.0,910.0,390.2581591666791,373.3029894496429
causal_prefix,NEX326-methods,arm-01/full,computed,230,230,0,46,5,230,0,1800,1785.0,1814.0,737.7229930091606,535.716671777647
causal_prefix,NEX326-methods,arm-02/pointwise,computed,230,230,0,46,5,230,0,60,49.0,67.0,32.5046919033009,31.464712392837956
causal_prefix,NEX326-methods,arm-02/pointwise,computed,230,230,0,46,5,230,0,300,294.0,305.0,160.09958188599143,157.55236377625585
causal_prefix,NEX326-methods,arm-02/pointwise,computed,230,230,0,46,5,230,0,900,889.0,910.0,405.61942127639117,405.78209699465776
causal_prefix,NEX326-methods,arm-02/pointwise,computed,230,230,0,46,5,230,0,1800,1785.0,1814.0,771.7248289583782,598.634763392021
causal_prefix,NEX326-methods,arm-03/single_gaussian,computed,230,230,0,46,5,230,0,60,49.0,67.0,31.031107769316883,30.867793148920917
causal_prefix,NEX326-methods,arm-03/single_gaussian,computed,230,230,0,46,5,230,0,300,294.0,305.0,153.4581419280368,149.2379682814613
causal_prefix,NEX326-methods,arm-03/single_gaussian,computed,230,230,0,46,5,230,0,900,889.0,910.0,399.7587656015308,387.7614816529436
causal_prefix,NEX326-methods,arm-03/single_gaussian,computed,230,230,0,46,5,230,0,1800,1785.0,1814.0,787.9878928793612,577.1906360163791
causal_prefix,NEX326-methods,arm-04/gmm_kernel,computed,230,230,0,46,5,230,0,60,49.0,67.0,32.57963270226753,31.505556096553192
causal_prefix,NEX326-methods,arm-04/gmm_kernel,computed,230,230,0,46,5,230,0,300,294.0,305.0,149.26500029778634,142.27710588272635
causal_prefix,NEX326-methods,arm-04/gmm_kernel,computed,230,230,0,46,5,230,0,900,889.0,910.0,384.50095870347184,367.08557941432906
causal_prefix,NEX326-methods,arm-04/gmm_kernel,computed,230,230,0,46,5,230,0,1800,1785.0,1814.0,736.7881563477023,549.3282346665803
causal_prefix,NEX326-methods,arm-05/explicit_decomp,computed,230,230,0,46,5,230,0,60,49.0,67.0,30.666356865053896,30.59129629509131
causal_prefix,NEX326-methods,arm-05/explicit_decomp,computed,230,230,0,46,5,230,0,300,294.0,305.0,147.18535732464764,154.64827134966941
causal_prefix,NEX326-methods,arm-05/explicit_decomp,computed,230,230,0,46,5,230,0,900,889.0,910.0,401.1457686507609,420.0070048928923
causal_prefix,NEX326-methods,arm-05/explicit_decomp,computed,230,230,0,46,5,230,0,1800,1785.0,1814.0,887.1694796433699,625.1873435443381
causal_prefix,NEX326-methods,arm-06/dt30,computed,230,230,0,46,5,230,0,60,49.0,67.0,32.88141255835049,32.35539138446067
causal_prefix,NEX326-methods,arm-06/dt30,computed,230,230,0,46,5,230,0,300,294.0,305.0,162.7106659271715,158.3124539379636
causal_prefix,NEX326-methods,arm-06/dt30,computed,230,230,0,46,5,230,0,900,889.0,910.0,398.21578310966873,380.29573155470666
causal_prefix,NEX326-methods,arm-06/dt30,computed,230,230,0,46,5,230,0,1800,1785.0,1814.0,748.3318265786941,540.0538252299485
causal_prefix,NEX326-methods,arm-06/dt60,computed,230,230,0,46,5,230,0,60,49.0,67.0,32.713411913637465,31.55107431754993
causal_prefix,NEX326-methods,arm-06/dt60,computed,230,230,0,46,5,230,0,300,294.0,305.0,157.30156066945972,153.31477756951827
causal_prefix,NEX326-methods,arm-06/dt60,computed,230,230,0,46,5,230,0,900,889.0,910.0,390.2581591666791,373.3029894496429
causal_prefix,NEX326-methods,arm-06/dt60,computed,230,230,0,46,5,230,0,1800,1785.0,1814.0,737.7229930091606,535.716671777647
causal_prefix,NEX326-methods,arm-06/dt120,computed,230,230,0,46,5,230,0,60,49.0,67.0,33.305753561335976,32.21454865298224
causal_prefix,NEX326-methods,arm-06/dt120,computed,230,230,0,46,5,230,0,300,294.0,305.0,150.78501056759825,147.4595585250385
causal_prefix,NEX326-methods,arm-06/dt120,computed,230,230,0,46,5,230,0,900,889.0,910.0,380.01760674639223,363.3445050162055
causal_prefix,NEX326-methods,arm-06/dt120,computed,230,230,0,46,5,230,0,1800,1785.0,1814.0,718.2575086565556,528.7717060161422
causal_prefix,NEX326-methods,arm-06/dt300,computed,230,230,0,46,5,230,0,60,49.0,67.0,37.203703160933905,34.77529002930907
causal_prefix,NEX326-methods,arm-06/dt300,computed,230,230,0,46,5,230,0,300,294.0,305.0,147.70191162868167,144.49215180565778
causal_prefix,NEX326-methods,arm-06/dt300,computed,230,230,0,46,5,230,0,900,889.0,910.0,368.8528385591148,354.70917490021225
causal_prefix,NEX326-methods,arm-06/dt300,computed,230,230,0,46,5,230,0,1800,1785.0,1814.0,687.114494829307,524.0670279801789
causal_prefix,NEX326-methods,arm-06/dt600,computed,230,230,0,46,5,230,0,60,49.0,67.0,42.77672861630172,38.46199509151925
causal_prefix,NEX326-methods,arm-06/dt600,computed,230,230,0,46,5,230,0,300,294.0,305.0,153.43109058681347,145.1544944406868
causal_prefix,NEX326-methods,arm-06/dt600,computed,230,230,0,46,5,230,0,900,889.0,910.0,370.8956183441609,353.6571863665349
causal_prefix,NEX326-methods,arm-06/dt600,computed,230,230,0,46,5,230,0,1800,1785.0,1814.0,672.1983590567579,523.2450192009136
causal_prefix,NEX326-methods,arm-07/full,computed,230,230,0,46,5,230,0,60,49.0,67.0,32.620883896871234,31.598351943544017
causal_prefix,NEX326-methods,arm-07/full,computed,230,230,0,46,5,230,0,300,294.0,305.0,156.68571206446578,152.39747772823694
causal_prefix,NEX326-methods,arm-07/full,computed,230,230,0,46,5,230,0,900,889.0,910.0,390.2138239841568,372.6648122881721
causal_prefix,NEX326-methods,arm-07/full,computed,230,230,0,46,5,230,0,1800,1785.0,1814.0,736.8336112310543,532.0995606106718
causal_prefix,NEX326-methods,arm-08/qmle,computed,230,230,0,46,5,230,0,60,49.0,67.0,32.374340810612246,31.64461190015987
causal_prefix,NEX326-methods,arm-08/qmle,computed,230,230,0,46,5,230,0,300,294.0,305.0,155.99647116127105,153.10539118094408
causal_prefix,NEX326-methods,arm-08/qmle,computed,230,230,0,46,5,230,0,900,889.0,910.0,389.00513931867727,373.6880313911774
causal_prefix,NEX326-methods,arm-08/qmle,computed,230,230,0,46,5,230,0,1800,1785.0,1814.0,735.0870039843971,536.2777808231943
causal_prefix,NEX326-methods,arm-09/mixed,computed,230,230,0,46,5,230,0,60,49.0,67.0,32.44409405830635,31.37938248884593
causal_prefix,NEX326-methods,arm-09/mixed,computed,230,230,0,46,5,230,0,300,294.0,305.0,154.45206186357728,150.47510167035455
causal_prefix,NEX326-methods,arm-09/mixed,computed,230,230,0,46,5,230,0,900,889.0,910.0,380.9862620842069,370.47306727382625
causal_prefix,NEX326-methods,arm-09/mixed,computed,230,230,0,46,5,230,0,1800,1785.0,1814.0,719.2113082810679,529.975679444704
causal_prefix,NEX326-methods,arm-09/pure_es,computed,230,230,0,46,5,230,0,60,49.0,67.0,32.25368511585226,31.458307425248464
causal_prefix,NEX326-methods,arm-09/pure_es,computed,230,230,0,46,5,230,0,300,294.0,305.0,154.7712368552273,150.17393376302581
causal_prefix,NEX326-methods,arm-09/pure_es,computed,230,230,0,46,5,230,0,900,889.0,910.0,382.91561953133834,369.7346596743788
causal_prefix,NEX326-methods,arm-09/pure_es,computed,230,230,0,46,5,230,0,1800,1785.0,1814.0,722.8725243042685,529.7671727917434
causal_prefix,NEX326-methods,arm-10/d2_mc,computed,230,230,0,46,5,230,0,60,49.0,67.0,32.620883896871234,31.598351943544017
causal_prefix,NEX326-methods,arm-10/d2_mc,computed,230,230,0,46,5,230,0,300,294.0,305.0,156.68571206446578,152.39747772823694
causal_prefix,NEX326-methods,arm-10/d2_mc,computed,230,230,0,46,5,230,0,900,889.0,910.0,390.2138239841568,372.6648122881721
causal_prefix,NEX326-methods,arm-10/d2_mc,computed,230,230,0,46,5,230,0,1800,1785.0,1814.0,736.8336112310543,532.0995606106718
causal_prefix,NEX326-methods,arm-10/d2_closed,computed,230,230,0,46,5,230,0,60,49.0,67.0,32.620883896871234,31.598351943544017
causal_prefix,NEX326-methods,arm-10/d2_closed,computed,230,230,0,46,5,230,0,300,294.0,305.0,156.68571206446578,152.39747772823694
causal_prefix,NEX326-methods,arm-10/d2_closed,computed,230,230,0,46,5,230,0,900,889.0,910.0,390.2138239841568,372.6648122881721
causal_prefix,NEX326-methods,arm-10/d2_closed,computed,230,230,0,46,5,230,0,1800,1785.0,1814.0,736.8336112310543,532.0995606106718
causal_prefix,NEX326-methods,arm-11/full,computed,230,230,0,46,5,230,0,60,49.0,67.0,32.42724309066844,31.63809749223532
causal_prefix,NEX326-methods,arm-11/full,computed,230,230,0,46,5,230,0,300,294.0,305.0,156.25257435732115,153.0091909742845
causal_prefix,NEX326-methods,arm-11/full,computed,230,230,0,46,5,230,0,900,889.0,910.0,389.63921209128057,372.3200783147729
causal_prefix,NEX326-methods,arm-11/full,computed,230,230,0,46,5,230,0,1800,1785.0,1814.0,733.6976190784573,534.4148159261166
causal_prefix,NEX326-methods,arm-12/scratch,computed,230,230,0,46,5,230,0,60,49.0,67.0,32.47246217881892,31.945771120830056
causal_prefix,NEX326-methods,arm-12/scratch,computed,230,230,0,46,5,230,0,300,294.0,305.0,156.2088181145889,153.62128908364676
causal_prefix,NEX326-methods,arm-12/scratch,computed,230,230,0,46,5,230,0,900,889.0,910.0,391.54094181781875,368.36074155301077
causal_prefix,NEX326-methods,arm-12/scratch,computed,230,230,0,46,5,230,0,1800,1785.0,1814.0,736.6271822887231,537.440500863401
causal_prefix,NEX326-methods,arm-14/reptile,computed,230,230,0,46,5,230,0,60,49.0,67.0,32.292046305773944,31.48183470346942
causal_prefix,NEX326-methods,arm-14/reptile,computed,230,230,0,46,5,230,0,300,294.0,305.0,156.10968130574972,149.38943575660818
causal_prefix,NEX326-methods,arm-14/reptile,computed,230,230,0,46,5,230,0,900,889.0,910.0,390.43213646233806,361.6197700938151
causal_prefix,NEX326-methods,arm-14/reptile,computed,230,230,0,46,5,230,0,1800,1785.0,1814.0,752.6165864106852,535.8760927777196
causal_prefix,NEX326-methods,arm-15/drift_only,computed,230,230,0,46,5,230,0,60,49.0,67.0,32.58429844063394,31.6703321525517
causal_prefix,NEX326-methods,arm-15/drift_only,computed,230,230,0,46,5,230,0,300,294.0,305.0,156.92413983656047,152.74714953804275
causal_prefix,NEX326-methods,arm-15/drift_only,computed,230,230,0,46,5,230,0,900,889.0,910.0,390.14729669515697,372.72110116879225
causal_prefix,NEX326-methods,arm-15/drift_only,computed,230,230,0,46,5,230,0,1800,1785.0,1814.0,734.2539951244556,535.0007973443367
causal_prefix,NEX326-methods,arm-15/two_step,computed,230,230,0,46,5,230,0,60,49.0,67.0,32.598159215361235,31.455136470019156
causal_prefix,NEX326-methods,arm-15/two_step,computed,230,230,0,46,5,230,0,300,294.0,305.0,156.05312933857113,152.66933640443884
causal_prefix,NEX326-methods,arm-15/two_step,computed,230,230,0,46,5,230,0,900,889.0,910.0,388.565741740772,371.63222515498694
causal_prefix,NEX326-methods,arm-15/two_step,computed,230,230,0,46,5,230,0,1800,1785.0,1814.0,734.5790871648873,533.676521980358
causal_prefix,NEX326-methods,arm-16/full,computed,230,230,0,46,5,230,0,60,49.0,67.0,32.37190385084776,31.5791727458885
causal_prefix,NEX326-methods,arm-16/full,computed,230,230,0,46,5,230,0,300,294.0,305.0,155.99862032151913,152.9304064938711
causal_prefix,NEX326-methods,arm-16/full,computed,230,230,0,46,5,230,0,900,889.0,910.0,389.1825711675732,371.47954244508725
causal_prefix,NEX326-methods,arm-16/full,computed,230,230,0,46,5,230,0,1800,1785.0,1814.0,734.5708512017998,534.2482576845757
causal_prefix,NEX326-methods,arm-18/full,computed,230,230,0,46,5,230,0,60,49.0,67.0,32.51095840499463,31.66645145601374
causal_prefix,NEX326-methods,arm-18/full,computed,230,230,0,46,5,230,0,300,294.0,305.0,156.39818682612554,153.1299714412532
causal_prefix,NEX326-methods,arm-18/full,computed,230,230,0,46,5,230,0,900,889.0,910.0,389.7175814986917,372.8828832925698
causal_prefix,NEX326-methods,arm-18/full,computed,230,230,0,46,5,230,0,1800,1785.0,1814.0,736.4161961949852,535.3437900436295
causal_prefix,NEX326-methods,arm-19/em,computed,230,230,0,46,5,230,0,60,49.0,67.0,32.51222102961941,31.667192131871424
causal_prefix,NEX326-methods,arm-19/em,computed,230,230,0,46,5,230,0,300,294.0,305.0,156.4115907211401,153.14085423688178
causal_prefix,NEX326-methods,arm-19/em,computed,230,230,0,46,5,230,0,900,889.0,910.0,389.7419630421232,372.9117502846669
causal_prefix,NEX326-methods,arm-19/em,computed,230,230,0,46,5,230,0,1800,1785.0,1814.0,736.4322649725947,535.3707661605644
causal_prefix,NEX326-methods,arm-19/euler,computed,230,230,0,46,5,230,0,60,49.0,67.0,32.51222102961941,31.667192131871424
causal_prefix,NEX326-methods,arm-19/euler,computed,230,230,0,46,5,230,0,300,294.0,305.0,156.4115907211401,153.14085423688178
causal_prefix,NEX326-methods,arm-19/euler,computed,230,230,0,46,5,230,0,900,889.0,910.0,389.7419630421232,372.9117502846669
causal_prefix,NEX326-methods,arm-19/euler,computed,230,230,0,46,5,230,0,1800,1785.0,1814.0,736.4322649725947,535.3707661605644
causal_prefix,NEX326-methods,arm-20/full,computed,230,230,0,46,5,230,0,60,49.0,67.0,32.61942166980332,31.550959326508067
causal_prefix,NEX326-methods,arm-20/full,computed,230,230,0,46,5,230,0,300,294.0,305.0,157.06044571971833,152.48635085932628
causal_prefix,NEX326-methods,arm-20/full,computed,230,230,0,46,5,230,0,900,889.0,910.0,389.68545198077084,371.9347218603181
causal_prefix,NEX326-methods,arm-20/full,computed,230,230,0,46,5,230,0,1800,1785.0,1814.0,734.95975334197,533.0371579994386
causal_prefix,NEX326-methods,arm-21/mc,computed,230,230,0,46,5,230,0,60,49.0,67.0,32.51434852512772,31.680415774672444
causal_prefix,NEX326-methods,arm-21/mc,computed,230,230,0,46,5,230,0,300,294.0,305.0,156.0771830573961,152.9087348439992
causal_prefix,NEX326-methods,arm-21/mc,computed,230,230,0,46,5,230,0,900,889.0,910.0,387.78689164067384,372.82964166305004
causal_prefix,NEX326-methods,arm-21/mc,computed,230,230,0,46,5,230,0,1800,1785.0,1814.0,732.2015192896082,532.8581996300073
causal_prefix,NEX326-methods,arm-21/crn,computed,230,230,0,46,5,230,0,60,49.0,67.0,32.61942113956518,31.55095926444384
causal_prefix,NEX326-methods,arm-21/crn,computed,230,230,0,46,5,230,0,300,294.0,305.0,157.06042550688917,152.4863517579804
causal_prefix,NEX326-methods,arm-21/crn,computed,230,230,0,46,5,230,0,900,889.0,910.0,389.6853744676088,371.93472080647143
causal_prefix,NEX326-methods,arm-21/crn,computed,230,230,0,46,5,230,0,1800,1785.0,1814.0,734.9595185191931,533.0371644714576
causal_prefix,terrain,all-terrain,unavailable,230,230,0,46,5,229,1,60,,,,
causal_prefix,terrain,all-terrain,unavailable,230,230,0,46,5,229,1,300,,,,
causal_prefix,terrain,all-terrain,unavailable,230,230,0,46,5,229,1,900,,,,
causal_prefix,terrain,all-terrain,unavailable,230,230,0,46,5,229,1,1800,,,,
causal_prefix,terrain,base,computed,230,230,0,46,5,230,0,60,49.0,67.0,17.67431249802919,12.40773444479219
causal_prefix,terrain,base,computed,230,230,0,46,5,230,0,300,294.0,305.0,110.13750128386947,114.3012166883735
causal_prefix,terrain,base,computed,230,230,0,46,5,230,0,900,889.0,910.0,357.1460671956512,339.09228316894854
causal_prefix,terrain,base,computed,230,230,0,46,5,230,0,1800,1785.0,1814.0,719.1949402829058,597.2717860057309
causal_prefix,terrain,lio-river,unavailable,230,230,0,46,5,229,1,60,,,,
causal_prefix,terrain,lio-river,unavailable,230,230,0,46,5,229,1,300,,,,
causal_prefix,terrain,lio-river,unavailable,230,230,0,46,5,229,1,900,,,,
causal_prefix,terrain,lio-river,unavailable,230,230,0,46,5,229,1,1800,,,,
causal_prefix,terrain,lio-road,unavailable,230,230,0,46,5,229,1,60,,,,
causal_prefix,terrain,lio-road,unavailable,230,230,0,46,5,229,1,300,,,,
causal_prefix,terrain,lio-road,unavailable,230,230,0,46,5,229,1,900,,,,
causal_prefix,terrain,lio-road,unavailable,230,230,0,46,5,229,1,1800,,,,
causal_prefix,terrain,lio-surface,computed,230,230,0,46,5,230,0,60,49.0,67.0,18.082561806537342,12.824197195250676
causal_prefix,terrain,lio-surface,computed,230,230,0,46,5,230,0,300,294.0,305.0,107.54949683952404,126.96393507207681
causal_prefix,terrain,lio-surface,computed,230,230,0,46,5,230,0,900,889.0,910.0,346.28292380361546,375.16727313534705
causal_prefix,terrain,lio-surface,computed,230,230,0,46,5,230,0,1800,1785.0,1814.0,683.8363556735948,629.3076789351644
causal_prefix,terrain,lio-worldcover,computed,230,230,0,46,5,230,0,60,49.0,67.0,18.029271845102947,12.627973439212509
causal_prefix,terrain,lio-worldcover,computed,230,230,0,46,5,230,0,300,294.0,305.0,111.31960035882341,115.20551397331954
causal_prefix,terrain,lio-worldcover,computed,230,230,0,46,5,230,0,900,889.0,910.0,349.9060796279703,342.63289169187044
causal_prefix,terrain,lio-worldcover,computed,230,230,0,46,5,230,0,1800,1785.0,1814.0,683.5720314019894,606.5428946113452
causal_prefix,terrain,loo-river,computed,230,230,0,46,5,230,0,60,49.0,67.0,19.387045578667834,15.59735161094947
causal_prefix,terrain,loo-river,computed,230,230,0,46,5,230,0,300,294.0,305.0,120.26595900609688,143.06143422336183
causal_prefix,terrain,loo-river,computed,230,230,0,46,5,230,0,900,889.0,910.0,391.9798040999626,385.36090234967514
causal_prefix,terrain,loo-river,computed,230,230,0,46,5,230,0,1800,1785.0,1814.0,755.4631068618794,625.928514630263
causal_prefix,terrain,loo-road,computed,230,230,0,46,5,230,0,60,49.0,67.0,18.335673862544084,12.579540779446187
causal_prefix,terrain,loo-road,computed,230,230,0,46,5,230,0,300,294.0,305.0,92.2323804063143,130.16841848562868
causal_prefix,terrain,loo-road,computed,230,230,0,46,5,230,0,900,889.0,910.0,305.09109162115465,375.39684078830476
causal_prefix,terrain,loo-road,computed,230,230,0,46,5,230,0,1800,1785.0,1814.0,669.9505251284648,701.099459821173
causal_prefix,terrain,loo-surface,computed,230,230,0,46,5,230,0,60,49.0,67.0,18.940617693341977,14.530346616130286
causal_prefix,terrain,loo-surface,computed,230,230,0,46,5,230,0,300,294.0,305.0,101.54252633352598,141.31856822678142
causal_prefix,terrain,loo-surface,computed,230,230,0,46,5,230,0,900,889.0,910.0,343.2748736759372,365.37963968929
causal_prefix,terrain,loo-surface,computed,230,230,0,46,5,230,0,1800,1785.0,1814.0,739.7420161111783,659.6511082892622
causal_prefix,terrain,loo-worldcover,computed,230,230,0,46,5,230,0,60,49.0,67.0,18.75501197340384,14.409846213968066
causal_prefix,terrain,loo-worldcover,computed,230,230,0,46,5,230,0,300,294.0,305.0,95.36799258418375,146.32371918956235
causal_prefix,terrain,loo-worldcover,computed,230,230,0,46,5,230,0,900,889.0,910.0,327.69555726967985,383.6673456057904
causal_prefix,terrain,loo-worldcover,computed,230,230,0,46,5,230,0,1800,1785.0,1814.0,710.9164842077959,703.6738879258371
causal_prefix,NEX326-diagnostic,diagnostic/full-exact-kernel,computed,230,230,0,46,5,230,0,60,49.0,67.0,32.510958385878006,31.666451423130095
causal_prefix,NEX326-diagnostic,diagnostic/full-exact-kernel,computed,230,230,0,46,5,230,0,300,294.0,305.0,156.3981857917815,153.12997091007978
causal_prefix,NEX326-diagnostic,diagnostic/full-exact-kernel,computed,230,230,0,46,5,230,0,900,889.0,910.0,389.7175798397054,372.88288242392167
causal_prefix,NEX326-diagnostic,diagnostic/full-exact-kernel,computed,230,230,0,46,5,230,0,1800,1785.0,1814.0,736.4161941144031,535.3437893328424
causal_prefix,inertial,all,computed,46,46,0,46,1,46,0,60,49.0,67.0,21.36962454082863,18.500074100240692
causal_prefix,inertial,all,computed,46,46,0,46,1,46,0,300,294.0,305.0,137.9033273424558,160.7248187090843
causal_prefix,inertial,all,computed,46,46,0,46,1,46,0,900,889.0,910.0,561.2291736242491,618.2713035917816
causal_prefix,inertial,all,computed,46,46,0,46,1,46,0,1800,1785.0,1814.0,1297.3675895831961,1356.323999973852
known_velocity,NEX326-methods,arm-01/full,computed,30,30,0,6,5,30,0,60,50.0,67.0,40.5077030682496,24.83809467543165
known_velocity,NEX326-methods,arm-01/full,computed,30,30,0,6,5,30,0,300,297.0,305.0,192.9644576029922,128.21546099067209
known_velocity,NEX326-methods,arm-01/full,computed,30,30,0,6,5,30,0,900,899.0,910.0,442.641798423558,318.72585411055337
known_velocity,NEX326-methods,arm-01/full,computed,30,30,0,6,5,30,0,1800,1792.0,1805.0,556.3705720155514,516.6869919095662
known_velocity,NEX326-methods,arm-02/pointwise,computed,30,30,0,6,5,30,0,60,50.0,67.0,41.13566271899064,25.124749604282368
known_velocity,NEX326-methods,arm-02/pointwise,computed,30,30,0,6,5,30,0,300,297.0,305.0,200.6311022090566,133.6412039427373
known_velocity,NEX326-methods,arm-02/pointwise,computed,30,30,0,6,5,30,0,900,899.0,910.0,495.19239535982837,350.3652076794799
known_velocity,NEX326-methods,arm-02/pointwise,computed,30,30,0,6,5,30,0,1800,1792.0,1805.0,623.4021254109662,619.9294396359036
known_velocity,NEX326-methods,arm-03/single_gaussian,unavailable,30,30,0,6,5,29,1,60,,,,
known_velocity,NEX326-methods,arm-03/single_gaussian,unavailable,30,30,0,6,5,29,1,300,,,,
known_velocity,NEX326-methods,arm-03/single_gaussian,unavailable,30,30,0,6,5,29,1,900,,,,
known_velocity,NEX326-methods,arm-03/single_gaussian,unavailable,30,30,0,6,5,29,1,1800,,,,
known_velocity,NEX326-methods,arm-04/gmm_kernel,computed,30,30,0,6,5,30,0,60,50.0,67.0,39.46936177206222,26.259976634819765
known_velocity,NEX326-methods,arm-04/gmm_kernel,computed,30,30,0,6,5,30,0,300,297.0,305.0,185.08526369152693,122.64651833100622
known_velocity,NEX326-methods,arm-04/gmm_kernel,computed,30,30,0,6,5,30,0,900,899.0,910.0,456.18044524467535,314.7745276850418
known_velocity,NEX326-methods,arm-04/gmm_kernel,computed,30,30,0,6,5,30,0,1800,1792.0,1805.0,578.3607167577417,556.6407718463144
known_velocity,NEX326-methods,arm-05/explicit_decomp,computed,30,30,0,6,5,30,0,60,50.0,67.0,42.05754052087588,25.469568879127063
known_velocity,NEX326-methods,arm-05/explicit_decomp,computed,30,30,0,6,5,30,0,300,297.0,305.0,214.19660045587784,130.95976620762582
known_velocity,NEX326-methods,arm-05/explicit_decomp,computed,30,30,0,6,5,30,0,900,899.0,910.0,538.8657298833175,333.7188799735516
known_velocity,NEX326-methods,arm-05/explicit_decomp,computed,30,30,0,6,5,30,0,1800,1792.0,1805.0,1144.6185854999146,599.8477906792534
known_velocity,NEX326-methods,arm-06/dt30,unavailable,30,30,0,6,5,29,1,60,,,,
known_velocity,NEX326-methods,arm-06/dt30,unavailable,30,30,0,6,5,29,1,300,,,,
known_velocity,NEX326-methods,arm-06/dt30,unavailable,30,30,0,6,5,29,1,900,,,,
known_velocity,NEX326-methods,arm-06/dt30,unavailable,30,30,0,6,5,29,1,1800,,,,
known_velocity,NEX326-methods,arm-06/dt60,computed,30,30,0,6,5,30,0,60,50.0,67.0,40.5077030682496,24.83809467543165
known_velocity,NEX326-methods,arm-06/dt60,computed,30,30,0,6,5,30,0,300,297.0,305.0,192.9644576029922,128.21546099067209
known_velocity,NEX326-methods,arm-06/dt60,computed,30,30,0,6,5,30,0,900,899.0,910.0,442.641798423558,318.72585411055337
known_velocity,NEX326-methods,arm-06/dt60,computed,30,30,0,6,5,30,0,1800,1792.0,1805.0,556.3705720155514,516.6869919095662
known_velocity,NEX326-methods,arm-06/dt120,computed,30,30,0,6,5,30,0,60,50.0,67.0,38.748539195124984,25.761336456535755
known_velocity,NEX326-methods,arm-06/dt120,computed,30,30,0,6,5,30,0,300,297.0,305.0,180.6617652872761,122.23901644348946
known_velocity,NEX326-methods,arm-06/dt120,computed,30,30,0,6,5,30,0,900,899.0,910.0,422.35338953823185,308.0996927463896
known_velocity,NEX326-methods,arm-06/dt120,computed,30,30,0,6,5,30,0,1800,1792.0,1805.0,545.5879538196372,512.1718884945606
known_velocity,NEX326-methods,arm-06/dt300,computed,30,30,0,6,5,30,0,60,50.0,67.0,41.31116470132466,29.89588370936021
known_velocity,NEX326-methods,arm-06/dt300,computed,30,30,0,6,5,30,0,300,297.0,305.0,171.29126733630162,120.89106801510631
known_velocity,NEX326-methods,arm-06/dt300,computed,30,30,0,6,5,30,0,900,899.0,910.0,405.90567114057404,297.8317548480619
known_velocity,NEX326-methods,arm-06/dt300,computed,30,30,0,6,5,30,0,1800,1792.0,1805.0,529.988622960046,498.4362478703713
known_velocity,NEX326-methods,arm-06/dt600,computed,30,30,0,6,5,30,0,60,50.0,67.0,44.75068485815675,34.195371119646424
known_velocity,NEX326-methods,arm-06/dt600,computed,30,30,0,6,5,30,0,300,297.0,305.0,163.3078314072371,121.12753671956212
known_velocity,NEX326-methods,arm-06/dt600,computed,30,30,0,6,5,30,0,900,899.0,910.0,379.64580835337944,292.99174762581964
known_velocity,NEX326-methods,arm-06/dt600,computed,30,30,0,6,5,30,0,1800,1792.0,1805.0,516.6550813739608,487.8239129341517
known_velocity,NEX326-methods,arm-07/full,computed,30,30,0,6,5,30,0,60,50.0,67.0,41.59601290322472,25.409417053360617
known_velocity,NEX326-methods,arm-07/full,computed,30,30,0,6,5,30,0,300,297.0,305.0,195.39149126561497,127.02718957433308
known_velocity,NEX326-methods,arm-07/full,computed,30,30,0,6,5,30,0,900,899.0,910.0,449.9542556149316,315.30029047148713
known_velocity,NEX326-methods,arm-07/full,computed,30,30,0,6,5,30,0,1800,1792.0,1805.0,562.164448155785,517.6222378249
known_velocity,NEX326-methods,arm-08/qmle,computed,30,30,0,6,5,30,0,60,50.0,67.0,40.48058927307915,25.03211004698041
known_velocity,NEX326-methods,arm-08/qmle,computed,30,30,0,6,5,30,0,300,297.0,305.0,193.2261840760688,128.61928649129575
known_velocity,NEX326-methods,arm-08/qmle,computed,30,30,0,6,5,30,0,900,899.0,910.0,443.705384807729,315.21987474506705
known_velocity,NEX326-methods,arm-08/qmle,computed,30,30,0,6,5,30,0,1800,1792.0,1805.0,554.3238244826844,521.9492667331624
known_velocity,NEX326-methods,arm-09/mixed,computed,30,30,0,6,5,30,0,60,50.0,67.0,40.91493497433826,25.493126930349842
known_velocity,NEX326-methods,arm-09/mixed,computed,30,30,0,6,5,30,0,300,297.0,305.0,196.30122275672113,129.53459931462788
known_velocity,NEX326-methods,arm-09/mixed,computed,30,30,0,6,5,30,0,900,899.0,910.0,452.8936074401693,319.30119862883026
known_velocity,NEX326-methods,arm-09/mixed,computed,30,30,0,6,5,30,0,1800,1792.0,1805.0,580.9729964265763,520.9334067811129
known_velocity,NEX326-methods,arm-09/pure_es,computed,30,30,0,6,5,30,0,60,50.0,67.0,40.79575485545424,25.391767521315646
known_velocity,NEX326-methods,arm-09/pure_es,computed,30,30,0,6,5,30,0,300,297.0,305.0,194.2902875706155,128.71814021126156
known_velocity,NEX326-methods,arm-09/pure_es,computed,30,30,0,6,5,30,0,900,899.0,910.0,449.9789244980943,317.6818901357058
known_velocity,NEX326-methods,arm-09/pure_es,computed,30,30,0,6,5,30,0,1800,1792.0,1805.0,580.7748304708338,516.6347917730724
known_velocity,NEX326-methods,arm-10/d2_mc,computed,30,30,0,6,5,30,0,60,50.0,67.0,41.59601290322472,25.409417053360617
known_velocity,NEX326-methods,arm-10/d2_mc,computed,30,30,0,6,5,30,0,300,297.0,305.0,195.39149126561497,127.02718957433308
known_velocity,NEX326-methods,arm-10/d2_mc,computed,30,30,0,6,5,30,0,900,899.0,910.0,449.9542556149316,315.30029047148713
known_velocity,NEX326-methods,arm-10/d2_mc,computed,30,30,0,6,5,30,0,1800,1792.0,1805.0,562.164448155785,517.6222378249
known_velocity,NEX326-methods,arm-10/d2_closed,computed,30,30,0,6,5,30,0,60,50.0,67.0,41.59601290322472,25.409417053360617
known_velocity,NEX326-methods,arm-10/d2_closed,computed,30,30,0,6,5,30,0,300,297.0,305.0,195.39149126561497,127.02718957433308
known_velocity,NEX326-methods,arm-10/d2_closed,computed,30,30,0,6,5,30,0,900,899.0,910.0,449.9542556149316,315.30029047148713
known_velocity,NEX326-methods,arm-10/d2_closed,computed,30,30,0,6,5,30,0,1800,1792.0,1805.0,562.164448155785,517.6222378249
known_velocity,NEX326-methods,arm-11/full,computed,30,30,0,6,5,30,0,60,50.0,67.0,41.2505975857844,25.42703269245939
known_velocity,NEX326-methods,arm-11/full,computed,30,30,0,6,5,30,0,300,297.0,305.0,194.4365884404136,129.9439014331743
known_velocity,NEX326-methods,arm-11/full,computed,30,30,0,6,5,30,0,900,899.0,910.0,444.08326529252355,321.48109830601817
known_velocity,NEX326-methods,arm-11/full,computed,30,30,0,6,5,30,0,1800,1792.0,1805.0,557.7638426794916,527.5694627490797
known_velocity,NEX326-methods,arm-12/scratch,computed,30,30,0,6,5,30,0,60,50.0,67.0,41.11532021165992,25.40147139256631
known_velocity,NEX326-methods,arm-12/scratch,computed,30,30,0,6,5,30,0,300,297.0,305.0,193.01784720352885,129.1901725066488
known_velocity,NEX326-methods,arm-12/scratch,computed,30,30,0,6,5,30,0,900,899.0,910.0,446.1882432275074,320.2694224834434
known_velocity,NEX326-methods,arm-12/scratch,computed,30,30,0,6,5,30,0,1800,1792.0,1805.0,567.9816025833245,535.4311823629215
known_velocity,NEX326-methods,arm-14/reptile,computed,30,30,0,6,5,30,0,60,50.0,67.0,41.18304603736444,25.33398523266256
known_velocity,NEX326-methods,arm-14/reptile,computed,30,30,0,6,5,30,0,300,297.0,305.0,197.0483740849035,129.05820102058576
known_velocity,NEX326-methods,arm-14/reptile,computed,30,30,0,6,5,30,0,900,899.0,910.0,457.8460997432246,322.44589230204286
known_velocity,NEX326-methods,arm-14/reptile,computed,30,30,0,6,5,30,0,1800,1792.0,1805.0,559.7662060640866,546.9875971895051
known_velocity,NEX326-methods,arm-15/drift_only,computed,30,30,0,6,5,30,0,60,50.0,67.0,41.327906788998746,24.97617855896299
known_velocity,NEX326-methods,arm-15/drift_only,computed,30,30,0,6,5,30,0,300,297.0,305.0,196.16161524998566,129.1487174101847
known_velocity,NEX326-methods,arm-15/drift_only,computed,30,30,0,6,5,30,0,900,899.0,910.0,447.90742587732956,322.040092339002
known_velocity,NEX326-methods,arm-15/drift_only,computed,30,30,0,6,5,30,0,1800,1792.0,1805.0,564.45573323328,524.3410432741737
known_velocity,NEX326-methods,arm-15/two_step,computed,30,30,0,6,5,30,0,60,50.0,67.0,40.63072347944877,25.364775593240335
known_velocity,NEX326-methods,arm-15/two_step,computed,30,30,0,6,5,30,0,300,297.0,305.0,193.09079419961904,128.2915681151995
known_velocity,NEX326-methods,arm-15/two_step,computed,30,30,0,6,5,30,0,900,899.0,910.0,445.4393719938898,317.66073914333464
known_velocity,NEX326-methods,arm-15/two_step,computed,30,30,0,6,5,30,0,1800,1792.0,1805.0,559.1975668886924,516.0054045749597
known_velocity,NEX326-methods,arm-16/full,computed,30,30,0,6,5,30,0,60,50.0,67.0,40.58302348676229,25.146168577817168
known_velocity,NEX326-methods,arm-16/full,computed,30,30,0,6,5,30,0,300,297.0,305.0,194.93531325886258,127.64107091333403
known_velocity,NEX326-methods,arm-16/full,computed,30,30,0,6,5,30,0,900,899.0,910.0,443.71397268295095,316.5402856108463
known_velocity,NEX326-methods,arm-16/full,computed,30,30,0,6,5,30,0,1800,1792.0,1805.0,555.622311209332,520.2056049662873
known_velocity,NEX326-methods,arm-18/full,computed,30,30,0,6,5,30,0,60,50.0,67.0,40.91347894708131,25.141990392304336
known_velocity,NEX326-methods,arm-18/full,computed,30,30,0,6,5,30,0,300,297.0,305.0,191.09987240241136,127.67508467915972
known_velocity,NEX326-methods,arm-18/full,computed,30,30,0,6,5,30,0,900,899.0,910.0,436.6785040946402,320.46498059691635
known_velocity,NEX326-methods,arm-18/full,computed,30,30,0,6,5,30,0,1800,1792.0,1805.0,549.3700583931617,523.3688842959816
known_velocity,NEX326-methods,arm-19/em,computed,30,30,0,6,5,30,0,60,50.0,67.0,40.91638090495731,25.14173157609468
known_velocity,NEX326-methods,arm-19/em,computed,30,30,0,6,5,30,0,300,297.0,305.0,191.11825660965806,127.68181752413443
known_velocity,NEX326-methods,arm-19/em,computed,30,30,0,6,5,30,0,900,899.0,910.0,436.7200260953909,320.4841223866017
known_velocity,NEX326-methods,arm-19/em,computed,30,30,0,6,5,30,0,1800,1792.0,1805.0,549.4154599897116,523.394422631978
known_velocity,NEX326-methods,arm-19/euler,computed,30,30,0,6,5,30,0,60,50.0,67.0,40.91638090495731,25.14173157609468
known_velocity,NEX326-methods,arm-19/euler,computed,30,30,0,6,5,30,0,300,297.0,305.0,191.11825660965806,127.68181752413443
known_velocity,NEX326-methods,arm-19/euler,computed,30,30,0,6,5,30,0,900,899.0,910.0,436.7200260953909,320.4841223866017
known_velocity,NEX326-methods,arm-19/euler,computed,30,30,0,6,5,30,0,1800,1792.0,1805.0,549.4154599897116,523.394422631978
known_velocity,NEX326-methods,arm-20/full,computed,30,30,0,6,5,30,0,60,50.0,67.0,40.663051350518195,25.69586815798627
known_velocity,NEX326-methods,arm-20/full,computed,30,30,0,6,5,30,0,300,297.0,305.0,193.53023969420005,129.41136677980091
known_velocity,NEX326-methods,arm-20/full,computed,30,30,0,6,5,30,0,900,899.0,910.0,445.08598054965563,315.71633477594474
known_velocity,NEX326-methods,arm-20/full,computed,30,30,0,6,5,30,0,1800,1792.0,1805.0,559.2397556340295,519.8208966341717
known_velocity,NEX326-methods,arm-21/mc,computed,30,30,0,6,5,30,0,60,50.0,67.0,40.339799370561444,25.253995800582448
known_velocity,NEX326-methods,arm-21/mc,computed,30,30,0,6,5,30,0,300,297.0,305.0,192.7404532083276,128.60665107410168
known_velocity,NEX326-methods,arm-21/mc,computed,30,30,0,6,5,30,0,900,899.0,910.0,444.2098672026495,320.2099941642689
known_velocity,NEX326-methods,arm-21/mc,computed,30,30,0,6,5,30,0,1800,1792.0,1805.0,554.6933914444866,521.158172378628
known_velocity,NEX326-methods,arm-21/crn,computed,30,30,0,6,5,30,0,60,50.0,67.0,40.66305078244134,25.695868184874815
known_velocity,NEX326-methods,arm-21/crn,computed,30,30,0,6,5,30,0,300,297.0,305.0,193.53022383330702,129.41136769691855
known_velocity,NEX326-methods,arm-21/crn,computed,30,30,0,6,5,30,0,900,899.0,910.0,445.0860486496106,315.7163432533861
known_velocity,NEX326-methods,arm-21/crn,computed,30,30,0,6,5,30,0,1800,1792.0,1805.0,559.2397942429293,519.8209286772195
known_velocity,terrain,all-terrain,computed,30,30,0,6,5,30,0,60,50.0,67.0,11.231221468576413,14.89487712491385
known_velocity,terrain,all-terrain,computed,30,30,0,6,5,30,0,300,297.0,305.0,79.4358967272394,114.67634646504342
known_velocity,terrain,all-terrain,computed,30,30,0,6,5,30,0,900,899.0,910.0,238.27496753375385,327.9505980746756
known_velocity,terrain,all-terrain,computed,30,30,0,6,5,30,0,1800,1792.0,1805.0,367.8608635645519,667.502636186707
known_velocity,terrain,base,computed,30,30,0,6,5,30,0,60,50.0,67.0,13.688649230685058,10.533851759838436
known_velocity,terrain,base,computed,30,30,0,6,5,30,0,300,297.0,305.0,100.45666178007713,94.18055805085044
known_velocity,terrain,base,computed,30,30,0,6,5,30,0,900,899.0,910.0,323.05696521818663,319.4830378130298
known_velocity,terrain,base,computed,30,30,0,6,5,30,0,1800,1792.0,1805.0,507.7304512668152,717.1937558670423
known_velocity,terrain,lio-river,computed,30,30,0,6,5,30,0,60,50.0,67.0,11.914913669654227,10.526984120710297
known_velocity,terrain,lio-river,computed,30,30,0,6,5,30,0,300,297.0,305.0,76.5007269270174,109.8311544634223
known_velocity,terrain,lio-river,computed,30,30,0,6,5,30,0,900,899.0,910.0,232.47800472102767,315.79562925669956
known_velocity,terrain,lio-river,computed,30,30,0,6,5,30,0,1800,1792.0,1805.0,386.3068496303395,684.0091701618452
known_velocity,terrain,lio-road,computed,30,30,0,6,5,30,0,60,50.0,67.0,14.050395838867507,14.730527167572724
known_velocity,terrain,lio-road,computed,30,30,0,6,5,30,0,300,297.0,305.0,98.15028354284141,113.68757113279953
known_velocity,terrain,lio-road,computed,30,30,0,6,5,30,0,900,899.0,910.0,301.5052912025008,416.2488050254906
known_velocity,terrain,lio-road,computed,30,30,0,6,5,30,0,1800,1792.0,1805.0,462.6494408998724,819.3735382544688
known_velocity,terrain,lio-surface,computed,30,30,0,6,5,30,0,60,50.0,67.0,13.297193517633326,11.032111950961207
known_velocity,terrain,lio-surface,computed,30,30,0,6,5,30,0,300,297.0,305.0,89.56916596275742,92.80487298422757
known_velocity,terrain,lio-surface,computed,30,30,0,6,5,30,0,900,899.0,910.0,274.6975063301093,334.1826465528699
known_velocity,terrain,lio-surface,computed,30,30,0,6,5,30,0,1800,1792.0,1805.0,450.7713650474347,632.20869527763
known_velocity,terrain,lio-worldcover,computed,30,30,0,6,5,30,0,60,50.0,67.0,12.625985421912219,10.853549954356941
known_velocity,terrain,lio-worldcover,computed,30,30,0,6,5,30,0,300,297.0,305.0,97.72679393128253,103.7949850189513
known_velocity,terrain,lio-worldcover,computed,30,30,0,6,5,30,0,900,899.0,910.0,324.4414691645552,321.171498893397
known_velocity,terrain,lio-worldcover,computed,30,30,0,6,5,30,0,1800,1792.0,1805.0,480.2749471344148,753.8392710206441
known_velocity,terrain,loo-river,computed,30,30,0,6,5,30,0,60,50.0,67.0,12.63079404089914,15.939201278926603
known_velocity,terrain,loo-river,computed,30,30,0,6,5,30,0,300,297.0,305.0,89.41395656750221,111.10493483204289
known_velocity,terrain,loo-river,computed,30,30,0,6,5,30,0,900,899.0,910.0,309.21015092189606,379.49487685979716
known_velocity,terrain,loo-river,computed,30,30,0,6,5,30,0,1800,1792.0,1805.0,507.1019760523447,725.6025293536501
known_velocity,terrain,loo-road,computed,30,30,0,6,5,30,0,60,50.0,67.0,11.272144943074657,11.403056319263959
known_velocity,terrain,loo-road,computed,30,30,0,6,5,30,0,300,297.0,305.0,75.74451591745058,124.59961471074512
known_velocity,terrain,loo-road,computed,30,30,0,6,5,30,0,900,899.0,910.0,227.30982589159473,329.7999534472689
known_velocity,terrain,loo-road,computed,30,30,0,6,5,30,0,1800,1792.0,1805.0,315.3585624094506,629.4506228104123
known_velocity,terrain,loo-surface,computed,30,30,0,6,5,30,0,60,50.0,67.0,11.745356548992083,14.564288783455252
known_velocity,terrain,loo-surface,computed,30,30,0,6,5,30,0,300,297.0,305.0,81.40071873550157,122.18035236173104
known_velocity,terrain,loo-surface,computed,30,30,0,6,5,30,0,900,899.0,910.0,247.24373493307044,377.2873908785532
known_velocity,terrain,loo-surface,computed,30,30,0,6,5,30,0,1800,1792.0,1805.0,360.53748116144106,796.533638041566
known_velocity,terrain,loo-worldcover,computed,30,30,0,6,5,30,0,60,50.0,67.0,11.538885392858502,14.283157114366395
known_velocity,terrain,loo-worldcover,computed,30,30,0,6,5,30,0,300,297.0,305.0,74.78840184739563,109.53880516705436
known_velocity,terrain,loo-worldcover,computed,30,30,0,6,5,30,0,900,899.0,910.0,233.17068088979968,340.0867197509929
known_velocity,terrain,loo-worldcover,computed,30,30,0,6,5,30,0,1800,1792.0,1805.0,424.8263850704455,643.6028764374481
known_velocity,NEX326-diagnostic,diagnostic/full-exact-kernel,computed,30,30,0,6,5,30,0,60,50.0,67.0,40.913478549536855,25.141990412791245
known_velocity,NEX326-diagnostic,diagnostic/full-exact-kernel,computed,30,30,0,6,5,30,0,300,297.0,305.0,191.09987041846315,127.67508416194352
known_velocity,NEX326-diagnostic,diagnostic/full-exact-kernel,computed,30,30,0,6,5,30,0,900,899.0,910.0,436.6785008916704,320.46497949128053
known_velocity,NEX326-diagnostic,diagnostic/full-exact-kernel,computed,30,30,0,6,5,30,0,1800,1792.0,1805.0,549.3700555485417,523.3688831667436
known_velocity,inertial,all,computed,6,6,0,6,1,6,0,60,50.0,67.0,11.098128375437526,10.41424895046414
known_velocity,inertial,all,computed,6,6,0,6,1,6,0,300,297.0,305.0,73.15471130684423,87.90197935003458
known_velocity,inertial,all,computed,6,6,0,6,1,6,0,900,899.0,910.0,350.04783127305103,407.2619107863922
known_velocity,inertial,all,computed,6,6,0,6,1,6,0,1800,1792.0,1805.0,1126.61503981466,883.597990370692
point_only,NEX326-methods,arm-01/full,computed,30,30,0,6,5,30,0,60,50.0,67.0,40.5726184184044,25.080064586839697
point_only,NEX326-methods,arm-01/full,computed,30,30,0,6,5,30,0,300,297.0,305.0,193.23669936470927,128.16566039586124
point_only,NEX326-methods,arm-01/full,computed,30,30,0,6,5,30,0,900,899.0,910.0,443.9190109523288,314.8519431369818
point_only,NEX326-methods,arm-01/full,computed,30,30,0,6,5,30,0,1800,1792.0,1805.0,561.8622392578808,518.161405116327
point_only,NEX326-methods,arm-02/pointwise,computed,30,30,0,6,5,30,0,60,50.0,67.0,40.952571873960615,25.023140274000014
point_only,NEX326-methods,arm-02/pointwise,computed,30,30,0,6,5,30,0,300,297.0,305.0,200.8120126822416,131.87747229194198
point_only,NEX326-methods,arm-02/pointwise,computed,30,30,0,6,5,30,0,900,899.0,910.0,493.64346208127535,350.18934594593816
point_only,NEX326-methods,arm-02/pointwise,computed,30,30,0,6,5,30,0,1800,1792.0,1805.0,619.5514034687611,621.1103175374002
point_only,NEX326-methods,arm-03/single_gaussian,computed,30,30,0,6,5,30,0,60,50.0,67.0,40.91886277571164,25.010281222628137
point_only,NEX326-methods,arm-03/single_gaussian,computed,30,30,0,6,5,30,0,300,297.0,305.0,202.16108840200278,131.67125461361096
point_only,NEX326-methods,arm-03/single_gaussian,computed,30,30,0,6,5,30,0,900,899.0,910.0,495.30374817583106,338.88081420823966
point_only,NEX326-methods,arm-03/single_gaussian,computed,30,30,0,6,5,30,0,1800,1792.0,1805.0,622.3800257929873,594.6395886192341
point_only,NEX326-methods,arm-04/gmm_kernel,computed,30,30,0,6,5,30,0,60,50.0,67.0,38.9984383404642,26.309289624082254
point_only,NEX326-methods,arm-04/gmm_kernel,computed,30,30,0,6,5,30,0,300,297.0,305.0,184.73287954252226,123.97668238135795
point_only,NEX326-methods,arm-04/gmm_kernel,computed,30,30,0,6,5,30,0,900,899.0,910.0,452.680356504734,318.4979020579166
point_only,NEX326-methods,arm-04/gmm_kernel,computed,30,30,0,6,5,30,0,1800,1792.0,1805.0,572.6426992785638,551.8334913167141
point_only,NEX326-methods,arm-05/explicit_decomp,computed,30,30,0,6,5,30,0,60,50.0,67.0,40.25835735955139,25.7525278961526
point_only,NEX326-methods,arm-05/explicit_decomp,computed,30,30,0,6,5,30,0,300,297.0,305.0,202.14932479173868,134.8863888857883
point_only,NEX326-methods,arm-05/explicit_decomp,computed,30,30,0,6,5,30,0,900,899.0,910.0,508.92849753370245,328.6192251418547
point_only,NEX326-methods,arm-05/explicit_decomp,computed,30,30,0,6,5,30,0,1800,1792.0,1805.0,1078.0204291461562,555.0534187027578
point_only,NEX326-methods,arm-06/dt30,computed,30,30,0,6,5,30,0,60,50.0,67.0,43.3385991805368,25.26498187554198
point_only,NEX326-methods,arm-06/dt30,computed,30,30,0,6,5,30,0,300,297.0,305.0,203.27431443971707,134.0478432839618
point_only,NEX326-methods,arm-06/dt30,computed,30,30,0,6,5,30,0,900,899.0,910.0,457.47110952151326,332.99185914820947
point_only,NEX326-methods,arm-06/dt30,computed,30,30,0,6,5,30,0,1800,1792.0,1805.0,567.8754346695931,534.7723844039319
point_only,NEX326-methods,arm-06/dt60,computed,30,30,0,6,5,30,0,60,50.0,67.0,40.5726184184044,25.080064586839697
point_only,NEX326-methods,arm-06/dt60,computed,30,30,0,6,5,30,0,300,297.0,305.0,193.23669936470927,128.16566039586124
point_only,NEX326-methods,arm-06/dt60,computed,30,30,0,6,5,30,0,900,899.0,910.0,443.9190109523288,314.8519431369818
point_only,NEX326-methods,arm-06/dt60,computed,30,30,0,6,5,30,0,1800,1792.0,1805.0,561.8622392578808,518.161405116327
point_only,NEX326-methods,arm-06/dt120,computed,30,30,0,6,5,30,0,60,50.0,67.0,40.75253449664888,26.64259383563133
point_only,NEX326-methods,arm-06/dt120,computed,30,30,0,6,5,30,0,300,297.0,305.0,183.0045870117125,121.98281288750167
point_only,NEX326-methods,arm-06/dt120,computed,30,30,0,6,5,30,0,900,899.0,910.0,430.02374262130826,305.01584881158163
point_only,NEX326-methods,arm-06/dt120,computed,30,30,0,6,5,30,0,1800,1792.0,1805.0,550.1737127465016,501.9024029804353
point_only,NEX326-methods,arm-06/dt300,computed,30,30,0,6,5,30,0,60,50.0,67.0,40.96157452695914,30.086649310319956
point_only,NEX326-methods,arm-06/dt300,computed,30,30,0,6,5,30,0,300,297.0,305.0,170.0693854901227,117.68903678224233
point_only,NEX326-methods,arm-06/dt300,computed,30,30,0,6,5,30,0,900,899.0,910.0,398.9598084562344,293.1755933709943
point_only,NEX326-methods,arm-06/dt300,computed,30,30,0,6,5,30,0,1800,1792.0,1805.0,522.1491334787318,496.26486802179323
point_only,NEX326-methods,arm-06/dt600,computed,30,30,0,6,5,30,0,60,50.0,67.0,44.443038969122654,34.593814144473725
point_only,NEX326-methods,arm-06/dt600,computed,30,30,0,6,5,30,0,300,297.0,305.0,166.82681834733094,119.27580281701539
point_only,NEX326-methods,arm-06/dt600,computed,30,30,0,6,5,30,0,900,899.0,910.0,383.4934296041666,287.7638686681491
point_only,NEX326-methods,arm-06/dt600,computed,30,30,0,6,5,30,0,1800,1792.0,1805.0,519.5981756987653,489.5588800407654
point_only,NEX326-methods,arm-07/full,computed,30,30,0,6,5,30,0,60,50.0,67.0,41.357165079463904,24.984411985488183
point_only,NEX326-methods,arm-07/full,computed,30,30,0,6,5,30,0,300,297.0,305.0,196.0059281614637,128.190408509506
point_only,NEX326-methods,arm-07/full,computed,30,30,0,6,5,30,0,900,899.0,910.0,448.9764225262209,316.4310771803082
point_only,NEX326-methods,arm-07/full,computed,30,30,0,6,5,30,0,1800,1792.0,1805.0,558.9756954557474,515.3983171109635
point_only,NEX326-methods,arm-08/qmle,computed,30,30,0,6,5,30,0,60,50.0,67.0,40.932614275984896,25.414147307989836
point_only,NEX326-methods,arm-08/qmle,computed,30,30,0,6,5,30,0,300,297.0,305.0,193.0933715580162,128.40457459670287
point_only,NEX326-methods,arm-08/qmle,computed,30,30,0,6,5,30,0,900,899.0,910.0,446.3323851242658,316.2844944681537
point_only,NEX326-methods,arm-08/qmle,computed,30,30,0,6,5,30,0,1800,1792.0,1805.0,558.7970835485363,512.733384811415
point_only,NEX326-methods,arm-09/mixed,computed,30,30,0,6,5,30,0,60,50.0,67.0,41.65092480308697,25.004542075237012
point_only,NEX326-methods,arm-09/mixed,computed,30,30,0,6,5,30,0,300,297.0,305.0,195.24096446195972,129.07036539110797
point_only,NEX326-methods,arm-09/mixed,computed,30,30,0,6,5,30,0,900,899.0,910.0,452.939350916092,322.0112127777927
point_only,NEX326-methods,arm-09/mixed,computed,30,30,0,6,5,30,0,1800,1792.0,1805.0,582.2840663554547,523.9405263870208
point_only,NEX326-methods,arm-09/pure_es,computed,30,30,0,6,5,30,0,60,50.0,67.0,41.54579549074101,24.70095252849707
point_only,NEX326-methods,arm-09/pure_es,computed,30,30,0,6,5,30,0,300,297.0,305.0,193.77664535052165,128.4664919065677
point_only,NEX326-methods,arm-09/pure_es,computed,30,30,0,6,5,30,0,900,899.0,910.0,445.9271092279532,320.82757443282793
point_only,NEX326-methods,arm-09/pure_es,computed,30,30,0,6,5,30,0,1800,1792.0,1805.0,579.0238251862964,524.9988440621172
point_only,NEX326-methods,arm-10/d2_mc,computed,30,30,0,6,5,30,0,60,50.0,67.0,41.357165079463904,24.984411985488183
point_only,NEX326-methods,arm-10/d2_mc,computed,30,30,0,6,5,30,0,300,297.0,305.0,196.0059281614637,128.190408509506
point_only,NEX326-methods,arm-10/d2_mc,computed,30,30,0,6,5,30,0,900,899.0,910.0,448.9764225262209,316.4310771803082
point_only,NEX326-methods,arm-10/d2_mc,computed,30,30,0,6,5,30,0,1800,1792.0,1805.0,558.9756954557474,515.3983171109635
point_only,NEX326-methods,arm-10/d2_closed,computed,30,30,0,6,5,30,0,60,50.0,67.0,41.357165079463904,24.984411985488183
point_only,NEX326-methods,arm-10/d2_closed,computed,30,30,0,6,5,30,0,300,297.0,305.0,196.0059281614637,128.190408509506
point_only,NEX326-methods,arm-10/d2_closed,computed,30,30,0,6,5,30,0,900,899.0,910.0,448.9764225262209,316.4310771803082
point_only,NEX326-methods,arm-10/d2_closed,computed,30,30,0,6,5,30,0,1800,1792.0,1805.0,558.9756954557474,515.3983171109635
point_only,NEX326-methods,arm-11/full,computed,30,30,0,6,5,30,0,60,50.0,67.0,40.511040745035075,25.660195466217072
point_only,NEX326-methods,arm-11/full,computed,30,30,0,6,5,30,0,300,297.0,305.0,195.20232203649172,127.9875224847829
point_only,NEX326-methods,arm-11/full,computed,30,30,0,6,5,30,0,900,899.0,910.0,449.40402243394277,317.59049335891604
point_only,NEX326-methods,arm-11/full,computed,30,30,0,6,5,30,0,1800,1792.0,1805.0,561.1609840916963,515.494113136272
point_only,NEX326-methods,arm-12/scratch,computed,30,30,0,6,5,30,0,60,50.0,67.0,41.46206326227226,24.658566773440253
point_only,NEX326-methods,arm-12/scratch,computed,30,30,0,6,5,30,0,300,297.0,305.0,195.8284444880694,130.48370998371482
point_only,NEX326-methods,arm-12/scratch,computed,30,30,0,6,5,30,0,900,899.0,910.0,448.7907378444918,320.9452204677251
point_only,NEX326-methods,arm-12/scratch,computed,30,30,0,6,5,30,0,1800,1792.0,1805.0,570.2445541818572,537.9522305811207
point_only,NEX326-methods,arm-14/reptile,computed,30,30,0,6,5,30,0,60,50.0,67.0,40.51250291092118,25.36508652047247
point_only,NEX326-methods,arm-14/reptile,computed,30,30,0,6,5,30,0,300,297.0,305.0,195.01513637858906,129.84425251269985
point_only,NEX326-methods,arm-14/reptile,computed,30,30,0,6,5,30,0,900,899.0,910.0,453.97777004628546,327.7168194010236
point_only,NEX326-methods,arm-14/reptile,computed,30,30,0,6,5,30,0,1800,1792.0,1805.0,554.5566811877312,552.4424536348491
point_only,NEX326-methods,arm-15/drift_only,computed,30,30,0,6,5,30,0,60,50.0,67.0,41.079200183339516,25.567370886365996
point_only,NEX326-methods,arm-15/drift_only,computed,30,30,0,6,5,30,0,300,297.0,305.0,194.34531901190817,127.61683860244871
point_only,NEX326-methods,arm-15/drift_only,computed,30,30,0,6,5,30,0,900,899.0,910.0,444.0901916348799,314.6449394449363
point_only,NEX326-methods,arm-15/drift_only,computed,30,30,0,6,5,30,0,1800,1792.0,1805.0,561.2536625096611,515.7204946825283
point_only,NEX326-methods,arm-15/two_step,computed,30,30,0,6,5,30,0,60,50.0,67.0,40.85583888259872,25.497335522270234
point_only,NEX326-methods,arm-15/two_step,computed,30,30,0,6,5,30,0,300,297.0,305.0,193.7185116246662,129.23282596087392
point_only,NEX326-methods,arm-15/two_step,computed,30,30,0,6,5,30,0,900,899.0,910.0,442.3227160447721,316.5821765517629
point_only,NEX326-methods,arm-15/two_step,computed,30,30,0,6,5,30,0,1800,1792.0,1805.0,552.0121954171956,522.1319608737122
point_only,NEX326-methods,arm-16/full,computed,30,30,0,6,5,30,0,60,50.0,67.0,40.806053902473884,25.33207861738131
point_only,NEX326-methods,arm-16/full,computed,30,30,0,6,5,30,0,300,297.0,305.0,192.73034180983583,129.32720512240624
point_only,NEX326-methods,arm-16/full,computed,30,30,0,6,5,30,0,900,899.0,910.0,447.3545216820741,322.4556950391566
point_only,NEX326-methods,arm-16/full,computed,30,30,0,6,5,30,0,1800,1792.0,1805.0,559.105860636303,527.719051057125
point_only,NEX326-methods,arm-18/full,computed,30,30,0,6,5,30,0,60,50.0,67.0,41.303863779934325,25.348166151885412
point_only,NEX326-methods,arm-18/full,computed,30,30,0,6,5,30,0,300,297.0,305.0,192.56801882530468,128.71174993106223
point_only,NEX326-methods,arm-18/full,computed,30,30,0,6,5,30,0,900,899.0,910.0,442.35533496845,316.1931617629962
point_only,NEX326-methods,arm-18/full,computed,30,30,0,6,5,30,0,1800,1792.0,1805.0,554.9565420282956,516.9816948406459
point_only,NEX326-methods,arm-19/em,computed,30,30,0,6,5,30,0,60,50.0,67.0,41.30635352407105,25.34804379088671
point_only,NEX326-methods,arm-19/em,computed,30,30,0,6,5,30,0,300,297.0,305.0,192.5840928362177,128.71738460855155
point_only,NEX326-methods,arm-19/em,computed,30,30,0,6,5,30,0,900,899.0,910.0,442.3915194931232,316.21289806373983
point_only,NEX326-methods,arm-19/em,computed,30,30,0,6,5,30,0,1800,1792.0,1805.0,554.9971596018266,517.0100076434513
point_only,NEX326-methods,arm-19/euler,computed,30,30,0,6,5,30,0,60,50.0,67.0,41.30635352407105,25.34804379088671
point_only,NEX326-methods,arm-19/euler,computed,30,30,0,6,5,30,0,300,297.0,305.0,192.5840928362177,128.71738460855155
point_only,NEX326-methods,arm-19/euler,computed,30,30,0,6,5,30,0,900,899.0,910.0,442.3915194931232,316.21289806373983
point_only,NEX326-methods,arm-19/euler,computed,30,30,0,6,5,30,0,1800,1792.0,1805.0,554.9971596018266,517.0100076434513
point_only,NEX326-methods,arm-20/full,computed,30,30,0,6,5,30,0,60,50.0,67.0,40.68479790307902,25.36088375622302
point_only,NEX326-methods,arm-20/full,computed,30,30,0,6,5,30,0,300,297.0,305.0,193.32333178776364,129.93780881743777
point_only,NEX326-methods,arm-20/full,computed,30,30,0,6,5,30,0,900,899.0,910.0,438.9643098728631,318.3795607745415
point_only,NEX326-methods,arm-20/full,computed,30,30,0,6,5,30,0,1800,1792.0,1805.0,554.9445697844525,524.6873049390779
point_only,NEX326-methods,arm-21/mc,computed,30,30,0,6,5,30,0,60,50.0,67.0,40.59371329227916,25.13433649664071
point_only,NEX326-methods,arm-21/mc,computed,30,30,0,6,5,30,0,300,297.0,305.0,193.75951810383557,129.94127094615973
point_only,NEX326-methods,arm-21/mc,computed,30,30,0,6,5,30,0,900,899.0,910.0,445.31986919795,319.0347924479043
point_only,NEX326-methods,arm-21/mc,computed,30,30,0,6,5,30,0,1800,1792.0,1805.0,557.9472096818951,523.7625590238947
point_only,NEX326-methods,arm-21/crn,computed,30,30,0,6,5,30,0,60,50.0,67.0,40.68479634786866,25.36088377086389
point_only,NEX326-methods,arm-21/crn,computed,30,30,0,6,5,30,0,300,297.0,305.0,193.3233085134917,129.93781020155734
point_only,NEX326-methods,arm-21/crn,computed,30,30,0,6,5,30,0,900,899.0,910.0,438.9643466668553,318.37956911324227
point_only,NEX326-methods,arm-21/crn,computed,30,30,0,6,5,30,0,1800,1792.0,1805.0,554.9445854709846,524.6873240268034
point_only,terrain,all-terrain,computed,30,30,0,6,5,30,0,60,50.0,67.0,35.65445628463965,28.392566473446976
point_only,terrain,all-terrain,computed,30,30,0,6,5,30,0,300,297.0,305.0,129.23937245238483,152.36401894455238
point_only,terrain,all-terrain,computed,30,30,0,6,5,30,0,900,899.0,910.0,295.3877838940939,397.08282775753486
point_only,terrain,all-terrain,computed,30,30,0,6,5,30,0,1800,1792.0,1805.0,406.59418730169165,727.1685016605755
point_only,terrain,base,computed,30,30,0,6,5,30,0,60,50.0,67.0,39.62363783850966,25.857613834156524
point_only,terrain,base,computed,30,30,0,6,5,30,0,300,297.0,305.0,171.71235729050727,134.75959158474754
point_only,terrain,base,computed,30,30,0,6,5,30,0,900,899.0,910.0,411.17803128416705,358.75505718074646
point_only,terrain,base,computed,30,30,0,6,5,30,0,1800,1792.0,1805.0,558.7734202753054,755.9313288920457
point_only,terrain,lio-river,computed,30,30,0,6,5,30,0,60,50.0,67.0,36.320578496417816,26.82336296980453
point_only,terrain,lio-river,computed,30,30,0,6,5,30,0,300,297.0,305.0,137.25252636443105,152.3122410110683
point_only,terrain,lio-river,computed,30,30,0,6,5,30,0,900,899.0,910.0,291.8890156564573,362.23911104961286
point_only,terrain,lio-river,computed,30,30,0,6,5,30,0,1800,1792.0,1805.0,406.3770046606712,727.5143514651389
point_only,terrain,lio-road,computed,30,30,0,6,5,30,0,60,50.0,67.0,41.05871142879892,26.51302255455774
point_only,terrain,lio-road,computed,30,30,0,6,5,30,0,300,297.0,305.0,164.08219114671155,147.4776197115988
point_only,terrain,lio-road,computed,30,30,0,6,5,30,0,900,899.0,910.0,374.483408104499,450.41523491658876
point_only,terrain,lio-road,computed,30,30,0,6,5,30,0,1800,1792.0,1805.0,509.17582144505513,846.0959396702328
point_only,terrain,lio-surface,computed,30,30,0,6,5,30,0,60,50.0,67.0,37.84421177028906,26.816465004429507
point_only,terrain,lio-surface,computed,30,30,0,6,5,30,0,300,297.0,305.0,153.3129784927646,138.36103039982257
point_only,terrain,lio-surface,computed,30,30,0,6,5,30,0,900,899.0,910.0,359.8017137632116,380.6573496733288
point_only,terrain,lio-surface,computed,30,30,0,6,5,30,0,1800,1792.0,1805.0,498.0903434261276,690.042588781348
point_only,terrain,lio-worldcover,computed,30,30,0,6,5,30,0,60,50.0,67.0,38.8771698415143,26.29087280117608
point_only,terrain,lio-worldcover,computed,30,30,0,6,5,30,0,300,297.0,305.0,168.1407252735005,143.86282097859734
point_only,terrain,lio-worldcover,computed,30,30,0,6,5,30,0,900,899.0,910.0,410.78468373254555,359.13527516651766
point_only,terrain,lio-worldcover,computed,30,30,0,6,5,30,0,1800,1792.0,1805.0,537.6141080859442,787.8811332602195
point_only,terrain,loo-river,computed,30,30,0,6,5,30,0,60,50.0,67.0,39.03205596718529,27.497700760468504
point_only,terrain,loo-river,computed,30,30,0,6,5,30,0,300,297.0,305.0,151.61033105247117,142.23544428902517
point_only,terrain,loo-river,computed,30,30,0,6,5,30,0,900,899.0,910.0,384.86934073364904,434.629191635223
point_only,terrain,loo-river,computed,30,30,0,6,5,30,0,1800,1792.0,1805.0,559.2770528980865,769.5415328308451
point_only,terrain,loo-road,computed,30,30,0,6,5,30,0,60,50.0,67.0,33.86017631419886,28.73002133141993
point_only,terrain,loo-road,computed,30,30,0,6,5,30,0,300,297.0,305.0,121.75173963117754,169.79480698723776
point_only,terrain,loo-road,computed,30,30,0,6,5,30,0,900,899.0,910.0,267.959052781593,380.4906202526697
point_only,terrain,loo-road,computed,30,30,0,6,5,30,0,1800,1792.0,1805.0,334.4384236857573,672.3668123995058
point_only,terrain,loo-surface,computed,30,30,0,6,5,30,0,60,50.0,67.0,37.62850431721283,27.308987503297146
point_only,terrain,loo-surface,computed,30,30,0,6,5,30,0,300,297.0,305.0,143.48336526799113,154.94791187050774
point_only,terrain,loo-surface,computed,30,30,0,6,5,30,0,900,899.0,910.0,312.16817400648114,435.70743500944604
point_only,terrain,loo-surface,computed,30,30,0,6,5,30,0,1800,1792.0,1805.0,401.04215540176097,849.9221968013964
point_only,terrain,loo-worldcover,computed,30,30,0,6,5,30,0,60,50.0,67.0,35.64251590580574,27.96181542940776
point_only,terrain,loo-worldcover,computed,30,30,0,6,5,30,0,300,297.0,305.0,122.60312842486515,150.7458761579879
point_only,terrain,loo-worldcover,computed,30,30,0,6,5,30,0,900,899.0,910.0,272.0683068002643,396.84183172801977
point_only,terrain,loo-worldcover,computed,30,30,0,6,5,30,0,1800,1792.0,1805.0,433.22647825480584,696.8305732145544
point_only,NEX326-diagnostic,diagnostic/full-exact-kernel,computed,30,30,0,6,5,30,0,60,50.0,67.0,41.30386346121831,25.34816617121359
point_only,NEX326-diagnostic,diagnostic/full-exact-kernel,computed,30,30,0,6,5,30,0,300,297.0,305.0,192.56801725375044,128.7117495981902
point_only,NEX326-diagnostic,diagnostic/full-exact-kernel,computed,30,30,0,6,5,30,0,900,899.0,910.0,442.35533258311517,316.1931605716685
point_only,NEX326-diagnostic,diagnostic/full-exact-kernel,computed,30,30,0,6,5,30,0,1800,1792.0,1805.0,554.95653966097,516.9816934015626
point_only,inertial,all,computed,6,6,0,6,1,6,0,60,50.0,67.0,61.173624023754066,40.738793746910225
point_only,inertial,all,computed,6,6,0,6,1,6,0,300,297.0,305.0,268.37443022248135,184.6039680823702
point_only,inertial,all,computed,6,6,0,6,1,6,0,900,899.0,910.0,617.3125756320682,448.5156260274204
point_only,inertial,all,computed,6,6,0,6,1,6,0,1800,1792.0,1805.0,784.2419285245459,789.5571708234579
