card_id,definition,slot_card_ids,disposition
arm:01,"{""arm_id"":1,""control"":{""config_id"":""NEX326-FULL-v2"",""full_anchor"":true},""group"":""model"",""inference_steps"":[""load_checkpoint"",""predict_evaluation_segments"",""compute_metrics"",""compute_mechanism_statistics"",""write_run_record""],""slot"":""M1"",""training_steps"":[""load_versioned_data"",""build_transition_samples"",""adapt_features"",""initialize_model"",""fit_model"",""write_checkpoint""],""unique_change"":""Segment-level latent mode is held fixed within each trajectory segment."",""variant"":""seg_constant_mode""}","[""method:arm-01/full""]",REQUIRED
arm:02,"{""arm_id"":2,""control"":{""config_id"":""NEX326-FULL-v2"",""full_anchor"":false},""group"":""model"",""inference_steps"":[""load_checkpoint"",""predict_evaluation_segments"",""compute_metrics"",""compute_mechanism_statistics"",""write_run_record""],""slot"":""M1"",""training_steps"":[""load_versioned_data"",""build_transition_samples"",""adapt_features"",""initialize_model"",""fit_model"",""write_checkpoint""],""unique_change"":""Resample the latent mixture component at every transition."",""variant"":""pointwise_mixture""}","[""method:arm-02/pointwise""]",REQUIRED
arm:03,"{""arm_id"":3,""control"":{""config_id"":""NEX326-FULL-v2"",""full_anchor"":false},""group"":""model"",""inference_steps"":[""load_checkpoint"",""predict_evaluation_segments"",""compute_metrics"",""compute_mechanism_statistics"",""write_run_record""],""slot"":""M1"",""training_steps"":[""load_versioned_data"",""build_transition_samples"",""adapt_features"",""initialize_model"",""fit_model"",""write_checkpoint""],""unique_change"":""Replace the latent mixture with one Gaussian transition law."",""variant"":""single_gaussian_OU_CRW""}","[""method:arm-03/single_gaussian""]",REQUIRED
arm:04,"{""arm_id"":4,""control"":{""config_id"":""NEX326-FULL-v2"",""full_anchor"":false},""group"":""model"",""inference_steps"":[""load_checkpoint"",""predict_evaluation_segments"",""compute_metrics"",""compute_mechanism_statistics"",""write_run_record""],""slot"":""M1"",""training_steps"":[""load_versioned_data"",""build_transition_samples"",""adapt_features"",""initialize_model"",""fit_model"",""write_checkpoint""],""unique_change"":""Use a transition-residual Gaussian-mixture kernel rather than a persistent segment mode."",""variant"":""gmm_kernel""}","[""method:arm-04/gmm_kernel""]",REQUIRED
arm:05,"{""arm_id"":5,""control"":{""config_id"":""NEX326-FULL-v2"",""full_anchor"":false},""group"":""model"",""inference_steps"":[""load_checkpoint"",""predict_evaluation_segments"",""compute_metrics"",""compute_mechanism_statistics"",""write_run_record""],""slot"":""M1"",""training_steps"":[""load_versioned_data"",""build_transition_samples"",""adapt_features"",""initialize_model"",""fit_model"",""write_checkpoint""],""unique_change"":""Add an explicit speed and radial/tangential decomposition to the drift design matrix."",""variant"":""explicit_decomp""}","[""method:arm-05/explicit_decomp""]",REQUIRED
arm:06,"{""arm_id"":6,""control"":{""config_id"":""NEX326-FULL-v2"",""full_anchor"":false},""group"":""model"",""inference_steps"":[""load_checkpoint"",""predict_evaluation_segments"",""compute_metrics"",""compute_mechanism_statistics"",""write_run_record""],""slot"":""M2"",""training_steps"":[""load_versioned_data"",""build_transition_samples"",""adapt_features"",""initialize_model"",""fit_model"",""write_checkpoint""],""unique_change"":""Resample both training and rollout at one registered observation interval."",""variant"":""dt_sensitivity""}","[""method:arm-06/dt120"",""method:arm-06/dt30"",""method:arm-06/dt300"",""method:arm-06/dt60"",""method:arm-06/dt600""]",REQUIRED
arm:07,"{""arm_id"":7,""control"":{""config_id"":""NEX326-FULL-v2"",""full_anchor"":true},""group"":""algorithm"",""inference_steps"":[""load_checkpoint"",""predict_evaluation_segments"",""compute_metrics"",""compute_mechanism_statistics"",""write_run_record""],""slot"":""E1"",""training_steps"":[""load_versioned_data"",""build_transition_samples"",""adapt_features"",""initialize_model"",""fit_model"",""write_checkpoint""],""unique_change"":""Optimize a validation-selected strictly proper energy-score scale."",""variant"":""crps_energy""}","[""method:arm-07/full""]",REQUIRED
arm:08,"{""arm_id"":8,""control"":{""config_id"":""NEX326-FULL-v2"",""full_anchor"":false},""group"":""algorithm"",""inference_steps"":[""load_checkpoint"",""predict_evaluation_segments"",""compute_metrics"",""compute_mechanism_statistics"",""write_run_record""],""slot"":""E1"",""training_steps"":[""load_versioned_data"",""build_transition_samples"",""adapt_features"",""initialize_model"",""fit_model"",""write_checkpoint""],""unique_change"":""Fit Gaussian drift and covariance by quasi maximum likelihood."",""variant"":""qmle""}","[""method:arm-08/qmle""]",REQUIRED
arm:09,"{""arm_id"":9,""control"":{""config_id"":""NEX326-FULL-v2"",""full_anchor"":false},""group"":""algorithm"",""inference_steps"":[""load_checkpoint"",""predict_evaluation_segments"",""compute_metrics"",""compute_mechanism_statistics"",""write_run_record""],""slot"":""E1"",""training_steps"":[""load_versioned_data"",""build_transition_samples"",""adapt_features"",""initialize_model"",""fit_model"",""write_checkpoint""],""unique_change"":""Use the registered mixed likelihood/energy objective or its pure-energy endpoint."",""variant"":""mixed_or_pure_energy""}","[""method:arm-09/mixed"",""method:arm-09/pure_es""]",REQUIRED
arm:10,"{""arm_id"":10,""control"":{""config_id"":""NEX326-FULL-v2"",""full_anchor"":false},""group"":""algorithm"",""inference_steps"":[""load_checkpoint"",""predict_evaluation_segments"",""compute_metrics"",""compute_mechanism_statistics"",""write_run_record""],""slot"":""E2"",""training_steps"":[""load_versioned_data"",""build_transition_samples"",""adapt_features"",""initialize_model"",""fit_model"",""write_checkpoint""],""unique_change"":""Train both spatial coordinates and compare Monte Carlo with closed Gaussian d=2 energy scoring."",""variant"":""d2_mc_or_closed""}","[""method:arm-10/d2_closed"",""method:arm-10/d2_mc""]",REQUIRED
arm:11,"{""arm_id"":11,""control"":{""config_id"":""NEX326-FULL-v2"",""full_anchor"":true},""group"":""learning"",""inference_steps"":[""load_checkpoint"",""predict_evaluation_segments"",""compute_metrics"",""compute_mechanism_statistics"",""write_run_record""],""slot"":""T1"",""training_steps"":[""load_versioned_data"",""build_transition_samples"",""adapt_features"",""initialize_model"",""fit_model"",""write_checkpoint""],""unique_change"":""Pretrain globally then update drift and diffusion on target adaptation data."",""variant"":""c5_full_finetune""}","[""method:arm-11/full""]",REQUIRED
arm:12,"{""arm_id"":12,""control"":{""config_id"":""NEX326-FULL-v2"",""full_anchor"":false},""group"":""learning"",""inference_steps"":[""load_checkpoint"",""predict_evaluation_segments"",""compute_metrics"",""compute_mechanism_statistics"",""write_run_record""],""slot"":""T1"",""training_steps"":[""load_versioned_data"",""build_transition_samples"",""adapt_features"",""initialize_model"",""fit_model"",""write_checkpoint""],""unique_change"":""Initialize and train only on target adaptation data."",""variant"":""scratch""}","[""method:arm-12/scratch""]",REQUIRED
arm:13,"{""arm_id"":13,""control"":{""config_id"":""NEX326-FULL-v2"",""full_anchor"":false},""group"":""learning"",""inference_steps"":[""load_checkpoint"",""predict_evaluation_segments"",""compute_metrics"",""compute_mechanism_statistics"",""write_run_record""],""slot"":""T1"",""training_steps"":[""load_versioned_data"",""build_transition_samples"",""adapt_features"",""initialize_model"",""fit_model"",""write_checkpoint""],""unique_change"":""Pretrain on licensed animal trajectories then adapt to non-held-out human target segments."",""variant"":""c3_animal_pretrain""}","[""method:arm-13/animal_pretrain""]",EXCLUDED
arm:14,"{""arm_id"":14,""control"":{""config_id"":""NEX326-FULL-v2"",""full_anchor"":false},""group"":""learning"",""inference_steps"":[""load_checkpoint"",""predict_evaluation_segments"",""compute_metrics"",""compute_mechanism_statistics"",""write_run_record""],""slot"":""T1"",""training_steps"":[""load_versioned_data"",""build_transition_samples"",""adapt_features"",""initialize_model"",""fit_model"",""write_checkpoint""],""unique_change"":""Use registered first-order Reptile task initialization followed by target adaptation; do not claim second-order MAML."",""variant"":""c6_metalearning""}","[""method:arm-14/reptile""]",REQUIRED
arm:15,"{""arm_id"":15,""control"":{""config_id"":""NEX326-FULL-v2"",""full_anchor"":false},""group"":""learning"",""inference_steps"":[""load_checkpoint"",""predict_evaluation_segments"",""compute_metrics"",""compute_mechanism_statistics"",""write_run_record""],""slot"":""T2"",""training_steps"":[""load_versioned_data"",""build_transition_samples"",""adapt_features"",""initialize_model"",""fit_model"",""write_checkpoint""],""unique_change"":""Restrict target adaptation to drift or perform drift-then-diffusion two-step adaptation."",""variant"":""drift_only_or_two_step""}","[""method:arm-15/drift_only"",""method:arm-15/two_step""]",REQUIRED
arm:16,"{""arm_id"":16,""control"":{""config_id"":""NEX326-FULL-v2"",""full_anchor"":true},""group"":""model"",""inference_steps"":[""load_checkpoint"",""predict_evaluation_segments"",""compute_metrics"",""compute_mechanism_statistics"",""write_run_record""],""slot"":""T3"",""training_steps"":[""load_versioned_data"",""build_transition_samples"",""adapt_features"",""initialize_model"",""fit_model"",""write_checkpoint""],""unique_change"":""Condition drift continuously on time-aligned solar elevation."",""variant"":""solar_elev_continuous""}","[""method:arm-16/full""]",REQUIRED
arm:17,"{""arm_id"":17,""control"":{""config_id"":""NEX326-FULL-v2"",""full_anchor"":false},""group"":""model"",""inference_steps"":[""load_checkpoint"",""predict_evaluation_segments"",""compute_metrics"",""compute_mechanism_statistics"",""write_run_record""],""slot"":""T3"",""training_steps"":[""load_versioned_data"",""build_transition_samples"",""adapt_features"",""initialize_model"",""fit_model"",""write_checkpoint""],""unique_change"":""Replace solar conditioning with none/daylight or add weather/terrain to solar conditioning."",""variant"":""condition_variants""}","[""method:arm-17/is_day"",""method:arm-17/terrain"",""method:arm-17/uncond"",""method:arm-17/weather""]",EXCLUDED
arm:18,"{""arm_id"":18,""control"":{""config_id"":""NEX326-FULL-v2"",""full_anchor"":true},""group"":""inference"",""inference_steps"":[""load_checkpoint"",""predict_evaluation_segments"",""compute_metrics"",""compute_mechanism_statistics"",""write_run_record""],""slot"":""R1"",""training_steps"":[""load_versioned_data"",""build_transition_samples"",""adapt_features"",""initialize_model"",""fit_model"",""write_checkpoint""],""unique_change"":""Use the registered drift/noise split integrator."",""variant"":""j1_split""}","[""method:arm-18/full""]",REQUIRED
arm:19,"{""arm_id"":19,""control"":{""config_id"":""NEX326-FULL-v2"",""full_anchor"":false},""group"":""inference"",""inference_steps"":[""load_checkpoint"",""predict_evaluation_segments"",""compute_metrics"",""compute_mechanism_statistics"",""write_run_record""],""slot"":""R1"",""training_steps"":[""load_versioned_data"",""build_transition_samples"",""adapt_features"",""initialize_model"",""fit_model"",""write_checkpoint""],""unique_change"":""Use Euler-Maruyama integration under either historical alias."",""variant"":""em_or_euler_maruyama""}","[""method:arm-19/em"",""method:arm-19/euler""]",REQUIRED
arm:20,"{""arm_id"":20,""control"":{""config_id"":""NEX326-FULL-v2"",""full_anchor"":true},""group"":""inference"",""inference_steps"":[""load_checkpoint"",""predict_evaluation_segments"",""compute_metrics"",""compute_mechanism_statistics"",""write_run_record""],""slot"":""R2"",""training_steps"":[""load_versioned_data"",""build_transition_samples"",""adapt_features"",""initialize_model"",""fit_model"",""write_checkpoint""],""unique_change"":""Propagate the learned linear Gaussian density analytically as the finite-horizon FP solution."",""variant"":""j2_fp""}","[""method:arm-20/full""]",REQUIRED
arm:21,"{""arm_id"":21,""control"":{""config_id"":""NEX326-FULL-v2"",""full_anchor"":false},""group"":""inference"",""inference_steps"":[""load_checkpoint"",""predict_evaluation_segments"",""compute_metrics"",""compute_mechanism_statistics"",""write_run_record""],""slot"":""R2"",""training_steps"":[""load_versioned_data"",""build_transition_samples"",""adapt_features"",""initialize_model"",""fit_model"",""write_checkpoint""],""unique_change"":""Use ordinary Monte Carlo or common-random-number paths for registered multi-horizon contrasts."",""variant"":""mc_or_j3_crn""}","[""method:arm-21/crn"",""method:arm-21/mc""]",REQUIRED
arm:22,"{""arm_id"":22,""control"":{""config_id"":""NEX326-FULL-v2"",""full_anchor"":false},""group"":""inference"",""inference_steps"":[""load_checkpoint"",""predict_evaluation_segments"",""compute_metrics"",""compute_mechanism_statistics"",""write_run_record""],""slot"":""R3"",""training_steps"":[""load_versioned_data"",""build_transition_samples"",""adapt_features"",""initialize_model"",""fit_model"",""write_checkpoint""],""unique_change"":""Condition on a registered external endpoint prior using Doob, finite-particle Schrödinger, or soft-endpoint dynamics."",""variant"":""i2_bridge""}","[""method:arm-22/doob"",""method:arm-22/sb"",""method:arm-22/soft_endpoint""]",EXCLUDED
