origin_mode,family_id,comparison_id,partition,candidate,control,verdict,reason,independent_blocks,expected_rows,missing_rows,failed_rows,hypothesis_tests_performed,delta_candidate_minus_control_m,improvement_m,simultaneous_lower_m,simultaneous_upper_m,marginal_lower_m,marginal_upper_m,holm_adjusted_p_zero,paired_block_sd_m,standardized_paired_delta,seed_delta_m,tail_check_passed,planning_qualified,planning_reason,precision_invariant_verdict
causal_prefix,method-model-structure,arm-02/pointwise,final_eval,arm-02/pointwise,arm-01/full,inconclusive,interval_overlaps_practical_boundary_or_not_significant,46,1150,0,0,True,32.9531080630783,-32.9531080630783,22.98749987202486,43.36902971139333,25.19662568092097,41.20074342605342,0.001999000499750125,27.19693936733613,1.2116476643932734,"[32.601070852842994,29.69597511911838,33.88527718689666,33.833997537917114,34.74921961861633]",True,True,registered_1x_SD_planning_requirement_met,inconclusive
causal_prefix,method-model-structure,arm-03/single_gaussian,final_eval,arm-03/single_gaussian,arm-01/full,inconclusive,interval_overlaps_practical_boundary_or_not_significant,46,1150,0,0,True,22.013739338104006,-22.013739338104006,-14.190401879136918,60.81038580814564,-7.830140598255639,52.816490133501645,0.3278360819590205,103.49974549937194,0.2126936567031229,"[21.65456603092125,19.019817790128844,21.724251075147027,23.025388236536095,24.644673557786785]",True,True,registered_1x_SD_planning_requirement_met,inconclusive
causal_prefix,method-model-structure,arm-04/gmm_kernel,final_eval,arm-04/gmm_kernel,arm-01/full,equivalent,simultaneous_interval_strictly_inside_practical_band,46,1150,0,0,True,-2.8263470584298918,2.8263470584298918,-21.219952732309977,16.333573171362854,-17.001586423838585,12.798153221032724,0.711144427786107,50.873786583557134,-0.05555605839930525,"[-4.999764832066935,-4.272034919877216,-1.0751347765885182,-2.397970510507719,-1.3868302531090733]",True,True,registered_1x_SD_planning_requirement_met,inconclusive
causal_prefix,method-model-structure,arm-05/explicit_decomp,final_eval,arm-05/explicit_decomp,arm-01/full,inconclusive,interval_overlaps_practical_boundary_or_not_significant,46,1150,0,0,True,57.95732336801082,-57.95732336801082,-3.0348386483066676,117.07772440418108,10.193952694877886,105.16083615891017,0.05397301349325337,155.39257412355914,0.3729735715808821,"[57.28091092765321,56.48588550714627,58.296768289465135,58.592576986374304,59.13047512941512]",True,True,registered_1x_SD_planning_requirement_met,inconclusive
causal_prefix,method-numerical-propagation,arm-19/em,final_eval,arm-19/em,arm-18/full,equivalent,simultaneous_interval_strictly_inside_practical_band,46,1380,0,0,True,0.025452802091722654,-0.025452802091722654,0.00774080813916601,0.050924798017468256,0.011554323317405918,0.044891057062743975,0.02798600699650175,0.0522454509198077,0.48717738374563035,"[0.025422765991702016,0.02502644285903081,0.02542099417352725,0.026205582075461295,0.02518822535889196]",True,True,registered_1x_SD_planning_requirement_met,inconclusive
causal_prefix,method-numerical-propagation,arm-19/euler,final_eval,arm-19/euler,arm-18/full,equivalent,simultaneous_interval_strictly_inside_practical_band,46,1380,0,0,True,0.025452802091722654,-0.025452802091722654,0.00774080813916601,0.050924798017468256,0.011554323317405918,0.044891057062743975,0.02798600699650175,0.0522454509198077,0.48717738374563035,"[0.025422765991702016,0.02502644285903081,0.02542099417352725,0.026205582075461295,0.02518822535889196]",True,True,registered_1x_SD_planning_requirement_met,inconclusive
causal_prefix,method-numerical-propagation,arm-21/crn,final_eval,arm-21/crn,arm-20/full,equivalent,simultaneous_interval_strictly_inside_practical_band,46,1380,0,0,True,-5.635116077952339e-05,5.635116077952339e-05,-0.00015282414847221973,1.4835609310136108e-05,-0.00012491671761984282,3.964942229672267e-06,0.16691654172913542,0.00022096313956596316,-0.2550251634286773,"[-5.056924027505137e-05,-6.804160947598595e-05,-6.101608558788771e-05,-6.47354348145605e-05,-3.739343374413149e-05]",True,True,registered_1x_SD_planning_requirement_met,inconclusive
causal_prefix,method-numerical-propagation,arm-21/mc,final_eval,arm-21/mc,arm-20/full,equivalent,simultaneous_interval_strictly_inside_practical_band,46,1380,0,0,True,-0.7793136954436097,0.7793136954436097,-2.9476694999233786,1.49390450024681,-2.509423323617624,1.0505815809738035,0.36531734132933535,5.81063647339406,-0.13411847376994893,"[-0.18592433909956965,-1.766536561093532,2.0340495246578363,-0.9333378351426759,-3.044819266540107]",True,True,registered_1x_SD_planning_requirement_met,inconclusive
causal_prefix,method-objective-and-score,arm-08/qmle,final_eval,arm-08/qmle,arm-07/full,equivalent,simultaneous_interval_strictly_inside_practical_band,46,1380,0,0,True,0.2755523218728847,-0.2755523218728847,-1.9167750469376164,2.704417142102034,-1.4245315235735423,2.230214938615539,1.0,5.936929633952924,0.04641327064026807,"[1.898120589312472,-0.41222849064553513,1.6601411342529246,0.5771509529335784,-2.345422576489017]",True,True,registered_1x_SD_planning_requirement_met,inconclusive
causal_prefix,method-objective-and-score,arm-09/mixed,final_eval,arm-09/mixed,arm-07/full,equivalent,simultaneous_interval_strictly_inside_practical_band,46,1380,0,0,True,-6.550042294489723,6.550042294489723,-16.861829984372257,3.1796829073886403,-14.6164904341484,1.0452056434689698,0.5497251374312844,26.765153809561163,-0.24472275934203258,"[-4.130051626019354,-9.303196957948032,-4.583169695553592,-3.958720368485493,-10.775072824442145]",True,True,registered_1x_SD_planning_requirement_met,inconclusive
causal_prefix,method-objective-and-score,arm-09/pure_es,final_eval,arm-09/pure_es,arm-07/full,equivalent,simultaneous_interval_strictly_inside_practical_band,46,1380,0,0,True,-5.313594164510165,5.313594164510165,-15.975849427704414,5.259756313376008,-13.893711221640764,2.6428569629252534,0.8395802098950524,27.835635146910132,-0.19089178804314064,"[-4.399069885120756,-6.126190366770271,-4.995997035284206,-1.5563983782499387,-9.490315157125648]",True,True,registered_1x_SD_planning_requirement_met,inconclusive
causal_prefix,method-objective-and-score,arm-10/d2_closed,final_eval,arm-10/d2_closed,arm-07/full,inconclusive,zero_development_SD_is_not_power_evidence,46,1380,0,0,True,0.0,-0.0,0.0,0.0,0.0,0.0,1.0,0.0,,"[0.0,0.0,0.0,0.0,0.0]",True,False,zero_development_SD_is_not_power_evidence,inconclusive
causal_prefix,method-objective-and-score,arm-10/d2_mc,final_eval,arm-10/d2_mc,arm-07/full,inconclusive,zero_development_SD_is_not_power_evidence,46,1380,0,0,True,0.0,-0.0,0.0,0.0,0.0,0.0,1.0,0.0,,"[0.0,0.0,0.0,0.0,0.0]",True,False,zero_development_SD_is_not_power_evidence,inconclusive
causal_prefix,method-observation-interval,arm-06/dt120,final_eval,arm-06/dt120,arm-01/full,equivalent,simultaneous_interval_strictly_inside_practical_band,46,1150,0,0,True,-11.557232140871653,11.557232140871653,-20.370297340706486,-3.04202751836584,-18.763003678102258,-4.969821263005038,0.0029985007496251873,23.12024828022109,-0.49987491487098923,"[-10.757821119521763,-14.89033579880113,-10.323152841732155,-11.071605596561856,-10.74324534774136]",True,True,registered_1x_SD_planning_requirement_met,inconclusive
causal_prefix,method-observation-interval,arm-06/dt30,final_eval,arm-06/dt30,arm-01/full,equivalent,simultaneous_interval_strictly_inside_practical_band,46,1150,0,0,True,8.562452948485857,-8.562452948485857,3.733112028381705,13.761609806673167,4.828664716100082,12.54506507857798,0.001999000499750125,13.319583516665254,0.6428468981610912,"[8.38651309020865,6.927125725064813,7.238594487675265,8.723008130447775,11.537023309032792]",True,True,registered_1x_SD_planning_requirement_met,inconclusive
causal_prefix,method-observation-interval,arm-06/dt300,final_eval,arm-06/dt300,arm-01/full,inconclusive,interval_overlaps_practical_boundary_or_not_significant,46,1150,0,0,True,-23.404605423908972,23.404605423908972,-48.26887354826701,-2.467493424090268,-42.47827043730176,-6.573191288183242,0.022988505747126436,61.00375375939782,-0.38365844692472584,"[-22.477277720588923,-25.66401573500061,-25.48289451261822,-20.083448920888415,-23.315390230448724]",True,True,registered_1x_SD_planning_requirement_met,inconclusive
causal_prefix,method-observation-interval,arm-06/dt600,final_eval,arm-06/dt600,arm-01/full,inconclusive,planning_power_below_target,46,1150,0,0,True,-24.691391693957772,24.691391693957772,-67.65149680393148,9.077053061204392,-57.2075083845324,4.072988396216687,0.11594202898550725,104.23453684951208,-0.23688301824188854,"[-22.603185608843848,-24.918199696449015,-21.92475087959391,-28.957495070783327,-25.05332721411878]",True,False,planning_power_below_target,inconclusive
causal_prefix,method-transfer-adaptation,arm-12/scratch,final_eval,arm-12/scratch,arm-11/full,equivalent,simultaneous_interval_strictly_inside_practical_band,46,1150,0,0,True,2.6037169087643175,-2.6037169087643175,-4.733928913009776,10.023147100100026,-3.235088199908371,8.809096754227554,1.0,19.98296816644573,0.13029680511308284,"[2.33498811329242,-0.4340849468600242,3.19797421854895,5.584893254420685,2.334813904419561]",True,True,registered_1x_SD_planning_requirement_met,inconclusive
causal_prefix,method-transfer-adaptation,arm-14/reptile,final_eval,arm-14/reptile,arm-11/full,equivalent,simultaneous_interval_strictly_inside_practical_band,46,1150,0,0,True,2.194724471910266,-2.194724471910266,-11.946509337741741,12.909470230227312,-7.882014668026901,10.775933754474437,1.0,31.45855929917824,0.06976557480073782,"[2.522471202771407,-1.3914273823059662,2.6068654358209358,3.879551814012706,3.3561612892522383]",True,True,registered_1x_SD_planning_requirement_met,inconclusive
causal_prefix,method-transfer-adaptation,arm-15/drift_only,final_eval,arm-15/drift_only,arm-11/full,equivalent,simultaneous_interval_strictly_inside_practical_band,46,1150,0,0,True,0.5048379485533587,-0.5048379485533587,-1.5215829928028777,2.4869736201694357,-1.1208460451918836,2.0445955132466382,1.0,5.21950124746198,0.09672149207720562,"[0.4959570382666981,-1.1206622557565016,-0.8084198886271207,3.842653716483429,0.11466113240028836]",True,True,registered_1x_SD_planning_requirement_met,inconclusive
causal_prefix,method-transfer-adaptation,arm-15/two_step,final_eval,arm-15/two_step,arm-11/full,equivalent,simultaneous_interval_strictly_inside_practical_band,46,1150,0,0,True,-0.035914912051011445,0.035914912051011445,-2.597689383094756,1.8134643993895787,-1.9746590791239091,1.4440012741027852,1.0,5.637477588273067,-0.006370741433317749,"[-1.057220800394591,-1.8961310905897397,-1.8181146426525576,1.4008965786554786,3.1909953947263516]",True,True,registered_1x_SD_planning_requirement_met,inconclusive
causal_prefix,weighted-es-lio,river,final_eval,,,unavailable,incomplete_prespecified_paired_family,46,1150,0,2,False,,,,,,,,,,,,False,no_comparison_specific_development_SD,unavailable
causal_prefix,weighted-es-lio,road,final_eval,,,unavailable,incomplete_prespecified_paired_family,46,1150,0,2,False,,,,,,,,,,,,False,no_comparison_specific_development_SD,unavailable
causal_prefix,weighted-es-lio,surface,final_eval,,,unavailable,incomplete_prespecified_paired_family,46,1150,0,2,False,,,,,,,,,,,,False,no_comparison_specific_development_SD,unavailable
causal_prefix,weighted-es-lio,worldcover,final_eval,,,unavailable,incomplete_prespecified_paired_family,46,1150,0,2,False,,,,,,,,,,,,False,no_comparison_specific_development_SD,unavailable
causal_prefix,weighted-es-primary,all-vs-base,final_eval,,,unavailable,incomplete_prespecified_paired_family,46,1380,0,1,False,,,,,,,,,,,,True,registered_1x_SD_planning_requirement_met,unavailable
causal_prefix,weighted-es-primary,river,final_eval,,,unavailable,incomplete_prespecified_paired_family,46,1380,0,1,False,,,,,,,,,,,,True,registered_1x_SD_planning_requirement_met,unavailable
causal_prefix,weighted-es-primary,road,final_eval,,,unavailable,incomplete_prespecified_paired_family,46,1380,0,1,False,,,,,,,,,,,,True,registered_1x_SD_planning_requirement_met,unavailable
causal_prefix,weighted-es-primary,surface,final_eval,,,unavailable,incomplete_prespecified_paired_family,46,1380,0,1,False,,,,,,,,,,,,True,registered_1x_SD_planning_requirement_met,unavailable
causal_prefix,weighted-es-primary,worldcover,final_eval,,,unavailable,incomplete_prespecified_paired_family,46,1380,0,1,False,,,,,,,,,,,,True,registered_1x_SD_planning_requirement_met,unavailable
known_velocity,method-model-structure,arm-02/pointwise,final_eval,,,unavailable,incomplete_prespecified_paired_family,6,150,0,1,False,,,,,,,,,,,,False,secondary_origin_descriptive_only,unavailable
known_velocity,method-model-structure,arm-03/single_gaussian,final_eval,,,unavailable,incomplete_prespecified_paired_family,6,150,0,1,False,,,,,,,,,,,,False,secondary_origin_descriptive_only,unavailable
known_velocity,method-model-structure,arm-04/gmm_kernel,final_eval,,,unavailable,incomplete_prespecified_paired_family,6,150,0,1,False,,,,,,,,,,,,False,secondary_origin_descriptive_only,unavailable
known_velocity,method-model-structure,arm-05/explicit_decomp,final_eval,,,unavailable,incomplete_prespecified_paired_family,6,150,0,1,False,,,,,,,,,,,,False,secondary_origin_descriptive_only,unavailable
known_velocity,method-numerical-propagation,arm-19/em,final_eval,arm-19/em,arm-18/full,inconclusive,secondary_origin_descriptive_only,6,180,0,0,False,0.027570559618770096,-0.027570559618770096,,,,,,0.012247916181600338,2.2510408472739623,"[0.028176620209118635,0.027910840792552943,0.026238454218647195,0.0292627214258611,0.02626416144767063]",,False,secondary_origin_descriptive_only,inconclusive
known_velocity,method-numerical-propagation,arm-19/euler,final_eval,arm-19/euler,arm-18/full,inconclusive,secondary_origin_descriptive_only,6,180,0,0,False,0.027570559618770096,-0.027570559618770096,,,,,,0.012247916181600338,2.2510408472739623,"[0.028176620209118635,0.027910840792552943,0.026238454218647195,0.0292627214258611,0.02626416144767063]",,False,secondary_origin_descriptive_only,inconclusive
known_velocity,method-numerical-propagation,arm-21/crn,final_eval,arm-21/crn,arm-20/full,inconclusive,secondary_origin_descriptive_only,6,180,0,0,False,-6.663957577757169e-06,6.663957577757169e-06,,,,,,0.00022833293966686714,-0.02918526598693881,"[8.485982484292738e-05,-5.3635058416527194e-05,-7.284872087135834e-05,-6.232865340886443e-07,8.92745309026092e-06]",,False,secondary_origin_descriptive_only,inconclusive
known_velocity,method-numerical-propagation,arm-21/mc,final_eval,arm-21/mc,arm-20/full,inconclusive,secondary_origin_descriptive_only,6,180,0,0,False,-0.24653965430449976,0.24653965430449976,,,,,,4.556164429265419,-0.0541112284536774,"[5.575925831037988,-2.0110727147329137,-11.978453343684189,-3.547038120639911,10.727940076496528]",,False,secondary_origin_descriptive_only,inconclusive
known_velocity,method-objective-and-score,arm-08/qmle,final_eval,arm-08/qmle,arm-07/full,inconclusive,secondary_origin_descriptive_only,6,180,0,0,False,-2.5743438748858374,2.5743438748858374,,,,,,2.3900132630365243,-1.0771253510179772,"[-0.6433456243666645,-0.7402542307534455,-4.81436639715857,-5.762572545349438,-0.9111805768010678]",,False,secondary_origin_descriptive_only,inconclusive
known_velocity,method-objective-and-score,arm-09/mixed,final_eval,arm-09/mixed,arm-07/full,inconclusive,secondary_origin_descriptive_only,6,180,0,0,False,5.701722815548476,-5.701722815548476,,,,,,16.091132843430533,0.3543394284931466,"[11.510689484538489,6.972394805322769,7.320807782429578,0.2567619108799401,2.4479600945716036]",,False,secondary_origin_descriptive_only,inconclusive
known_velocity,method-objective-and-score,arm-09/pure_es,final_eval,arm-09/pure_es,arm-07/full,inconclusive,secondary_origin_descriptive_only,6,180,0,0,False,4.116406017360911,-4.116406017360911,,,,,,15.063791163198491,0.2732649419236157,"[9.96247928141033,7.805944843961233,0.30967668996705316,-3.5456517136818584,6.049580985147799]",,False,secondary_origin_descriptive_only,inconclusive
known_velocity,method-objective-and-score,arm-10/d2_closed,final_eval,arm-10/d2_closed,arm-07/full,inconclusive,secondary_origin_descriptive_only,6,180,0,0,False,0.0,-0.0,,,,,,0.0,,"[0.0,0.0,0.0,0.0,0.0]",,False,secondary_origin_descriptive_only,inconclusive
known_velocity,method-objective-and-score,arm-10/d2_mc,final_eval,arm-10/d2_mc,arm-07/full,inconclusive,secondary_origin_descriptive_only,6,180,0,0,False,0.0,-0.0,,,,,,0.0,,"[0.0,0.0,0.0,0.0,0.0]",,False,secondary_origin_descriptive_only,inconclusive
known_velocity,method-observation-interval,arm-06/dt120,final_eval,,,unavailable,incomplete_prespecified_paired_family,6,150,0,1,False,,,,,,,,,,,,False,secondary_origin_descriptive_only,unavailable
known_velocity,method-observation-interval,arm-06/dt30,final_eval,,,unavailable,incomplete_prespecified_paired_family,6,150,0,1,False,,,,,,,,,,,,False,secondary_origin_descriptive_only,unavailable
known_velocity,method-observation-interval,arm-06/dt300,final_eval,,,unavailable,incomplete_prespecified_paired_family,6,150,0,1,False,,,,,,,,,,,,False,secondary_origin_descriptive_only,unavailable
known_velocity,method-observation-interval,arm-06/dt600,final_eval,,,unavailable,incomplete_prespecified_paired_family,6,150,0,1,False,,,,,,,,,,,,False,secondary_origin_descriptive_only,unavailable
known_velocity,method-transfer-adaptation,arm-12/scratch,final_eval,arm-12/scratch,arm-11/full,inconclusive,secondary_origin_descriptive_only,6,150,0,0,False,4.093471858461883,-4.093471858461883,,,,,,14.909735323428276,0.2745502699856545,"[0.5323181606055414,6.041502223114558,4.009792739429268,2.842083863068448,7.0416623060916]",,False,secondary_origin_descriptive_only,inconclusive
known_velocity,method-transfer-adaptation,arm-14/reptile,final_eval,arm-14/reptile,arm-11/full,inconclusive,secondary_origin_descriptive_only,6,150,0,0,False,8.574712104083595,-8.574712104083595,,,,,,15.77367298986105,0.5436090953321538,"[4.2320513319109425,7.301473134341999,18.92607510439734,4.241232626457759,8.172728323309931]",,False,secondary_origin_descriptive_only,inconclusive
known_velocity,method-transfer-adaptation,arm-15/drift_only,final_eval,arm-15/drift_only,arm-11/full,inconclusive,secondary_origin_descriptive_only,6,150,0,0,False,2.2640292263791495,-2.2640292263791495,,,,,,9.178159348006206,0.24667573753456024,"[1.9224571628407527,3.7771227452862965,2.9546451212226734,5.157478534600879,-2.491557432054852]",,False,secondary_origin_descriptive_only,inconclusive
known_velocity,method-transfer-adaptation,arm-15/two_step,final_eval,arm-15/two_step,arm-11/full,inconclusive,secondary_origin_descriptive_only,6,150,0,0,False,-2.330091088730986,2.330091088730986,,,,,,7.61141942023784,-0.3061309540419697,"[-2.8991463523670498,4.80791123789849,-2.2191817902819175,-3.1130767428498416,-8.22696179605461]",,False,secondary_origin_descriptive_only,inconclusive
known_velocity,weighted-es-lio,river,final_eval,lio-river,base,inconclusive,secondary_origin_descriptive_only,6,150,0,0,False,-45.75922300493509,45.75922300493509,,,,,,141.9112362802271,-0.32244961149218637,"[-49.204649681263994,-44.57499380875512,-45.42641111038002,-47.632972125444915,-41.957088298831394]",,False,secondary_origin_descriptive_only,inconclusive
known_velocity,weighted-es-lio,road,final_eval,lio-road,base,inconclusive,secondary_origin_descriptive_only,6,150,0,0,False,30.876318464057817,-30.876318464057817,,,,,,110.83134560903557,0.2785883207894628,"[32.72635119171016,31.711741289167023,28.48895780267077,32.13051270809926,29.324029328641824]",,False,secondary_origin_descriptive_only,inconclusive
known_velocity,weighted-es-lio,surface,final_eval,lio-surface,base,inconclusive,secondary_origin_descriptive_only,6,150,0,0,False,-45.56869784941801,45.56869784941801,,,,,,59.008813469653234,-0.7722354538250944,"[-45.87021056139031,-44.92620960630298,-48.64034892733529,-43.94053722541353,-44.466182926647896]",,False,secondary_origin_descriptive_only,inconclusive
known_velocity,weighted-es-lio,worldcover,final_eval,lio-worldcover,base,inconclusive,secondary_origin_descriptive_only,6,150,0,0,False,4.107138071911457,-4.107138071911457,,,,,,34.85537999661333,0.11783369087671748,"[3.6540766306516965,3.832744441427527,4.700577447493624,4.701598080918075,3.646693759066366]",,False,secondary_origin_descriptive_only,inconclusive
known_velocity,weighted-es-primary,all-vs-base,final_eval,all-terrain,base,inconclusive,secondary_origin_descriptive_only,6,180,0,0,False,-53.48206192414862,53.48206192414862,,,,,,133.70993850427539,-0.3999856893393046,"[-54.127577766577495,-55.442907899899126,-52.849040702915794,-54.01487318887973,-50.97591006247098]",,False,secondary_origin_descriptive_only,inconclusive
known_velocity,weighted-es-primary,river,final_eval,all-terrain,loo-river,inconclusive,secondary_origin_descriptive_only,6,180,0,0,False,-58.8818219992641,58.8818219992641,,,,,,134.38584082752462,-0.4381549546937392,"[-60.12959832059489,-58.781708808904106,-56.67859546460577,-60.684113524625864,-58.13509387758982]",,False,secondary_origin_descriptive_only,inconclusive
known_velocity,weighted-es-primary,road,final_eval,all-terrain,loo-road,inconclusive,secondary_origin_descriptive_only,6,180,0,0,False,13.625102956876669,-13.625102956876669,,,,,,122.77962814843289,0.1109720167942256,"[15.659461836641293,13.039148109873215,13.814484692681916,13.704537439607833,11.90788270557906]",,False,secondary_origin_descriptive_only,inconclusive
known_velocity,weighted-es-primary,surface,final_eval,all-terrain,loo-surface,inconclusive,secondary_origin_descriptive_only,6,180,0,0,False,-42.83802231493136,42.83802231493136,,,,,,83.46473015187732,-0.5132469995048301,"[-42.76707812118375,-43.76030272120048,-40.52066795484594,-44.04224494042671,-43.09981783699993]",,False,secondary_origin_descriptive_only,inconclusive
known_velocity,weighted-es-primary,worldcover,final_eval,all-terrain,loo-worldcover,inconclusive,secondary_origin_descriptive_only,6,180,0,0,False,-6.4222325864996535,6.4222325864996535,,,,,,56.36304593422665,-0.1139440298168792,"[-6.865724972481861,-4.705278161782293,-6.934380845450495,-5.886737279936237,-7.7190416728473865]",,False,secondary_origin_descriptive_only,inconclusive
point_only,method-model-structure,arm-02/pointwise,final_eval,arm-02/pointwise,arm-01/full,inconclusive,secondary_origin_descriptive_only,6,150,0,0,False,46.06536597150613,-46.06536597150613,,,,,,19.817618812125026,2.324465235113006,"[45.91956494224251,50.24138204380959,39.64270120786552,44.8989112155135,49.624270448099516]",,False,secondary_origin_descriptive_only,inconclusive
point_only,method-model-structure,arm-03/single_gaussian,final_eval,arm-03/single_gaussian,arm-01/full,inconclusive,secondary_origin_descriptive_only,6,150,0,0,False,41.08496533634515,-41.08496533634515,,,,,,21.652792722784948,1.8974441709365268,"[41.38601816174952,41.13448236428213,36.54774355740693,40.74106591947958,45.61551667880759]",,False,secondary_origin_descriptive_only,inconclusive
point_only,method-model-structure,arm-04/gmm_kernel,final_eval,arm-04/gmm_kernel,arm-01/full,inconclusive,secondary_origin_descriptive_only,6,150,0,0,False,7.916249913185055,-7.916249913185055,,,,,,19.11633293369908,0.4141092300830331,"[8.163915178063803,9.055898226965155,3.918510634828806,8.533969411043907,9.908956115023594]",,False,secondary_origin_descriptive_only,inconclusive
point_only,method-model-structure,arm-05/explicit_decomp,final_eval,arm-05/explicit_decomp,arm-01/full,inconclusive,secondary_origin_descriptive_only,6,150,0,0,False,120.24790143288817,-120.24790143288817,,,,,,245.6249981352604,0.4895588899574067,"[121.25444591710993,120.99180107876948,117.45754203961026,119.11100028432882,122.42471784462232]",,False,secondary_origin_descriptive_only,inconclusive
point_only,method-numerical-propagation,arm-19/em,final_eval,arm-19/em,arm-18/full,inconclusive,secondary_origin_descriptive_only,6,180,0,0,False,0.026185392020626825,-0.026185392020626825,,,,,,0.01236884399394232,2.117044408794484,"[0.026345672051784657,0.024034685057538734,0.025651759943211044,0.02684708581158664,0.028047757239013055]",,False,secondary_origin_descriptive_only,inconclusive
point_only,method-numerical-propagation,arm-19/euler,final_eval,arm-19/euler,arm-18/full,inconclusive,secondary_origin_descriptive_only,6,180,0,0,False,0.026185392020626825,-0.026185392020626825,,,,,,0.01236884399394232,2.117044408794484,"[0.026345672051784657,0.024034685057538734,0.025651759943211044,0.02684708581158664,0.028047757239013055]",,False,secondary_origin_descriptive_only,inconclusive
point_only,method-numerical-propagation,arm-21/crn,final_eval,arm-21/crn,arm-20/full,inconclusive,secondary_origin_descriptive_only,6,180,0,0,False,-2.350565593095175e-05,2.350565593095175e-05,,,,,,0.00022354307194105748,-0.10515045591370231,"[-2.8201757478048723e-05,-8.40891114819442e-05,5.9212813331062835e-06,4.2254596545869085e-05,-5.3413288573741134e-05]",,False,secondary_origin_descriptive_only,inconclusive
point_only,method-numerical-propagation,arm-21/mc,final_eval,arm-21/mc,arm-20/full,inconclusive,secondary_origin_descriptive_only,6,180,0,0,False,1.4920619006248803,-1.4920619006248803,,,,,,5.538700164722274,0.2693884587088307,"[6.500103527807785,-3.783233776734221,7.503728549464161,-0.7142366451069222,-2.0460521523064017]",,False,secondary_origin_descriptive_only,inconclusive
point_only,method-objective-and-score,arm-08/qmle,final_eval,arm-08/qmle,arm-07/full,inconclusive,secondary_origin_descriptive_only,6,180,0,0,False,-1.7399014745234698,1.7399014745234698,,,,,,6.0424927807864055,-0.28794431994290753,"[-2.203081705512185,0.701952301855035,0.5575946625075497,-6.300175012111595,-1.455797619356152]",,False,secondary_origin_descriptive_only,inconclusive
point_only,method-objective-and-score,arm-09/mixed,final_eval,arm-09/mixed,arm-07/full,inconclusive,secondary_origin_descriptive_only,6,180,0,0,False,7.622369673635119,-7.622369673635119,,,,,,18.937050040940512,0.40251093265086774,"[-3.1710055801625097,4.590108162702525,20.125876012614878,5.131045380308734,11.435824392711964]",,False,secondary_origin_descriptive_only,inconclusive
point_only,method-objective-and-score,arm-09/pure_es,final_eval,arm-09/pure_es,arm-07/full,inconclusive,secondary_origin_descriptive_only,6,180,0,0,False,5.17381834372199,-5.17381834372199,,,,,,17.16642279100992,0.3013917580098007,"[3.5349093292073044,7.3250968890074075,9.263877496933437,5.956066041359605,-0.2108580378978028]",,False,secondary_origin_descriptive_only,inconclusive
point_only,method-objective-and-score,arm-10/d2_closed,final_eval,arm-10/d2_closed,arm-07/full,inconclusive,secondary_origin_descriptive_only,6,180,0,0,False,0.0,-0.0,,,,,,0.0,,"[0.0,0.0,0.0,0.0,0.0]",,False,secondary_origin_descriptive_only,inconclusive
point_only,method-objective-and-score,arm-10/d2_mc,final_eval,arm-10/d2_mc,arm-07/full,inconclusive,secondary_origin_descriptive_only,6,180,0,0,False,0.0,-0.0,,,,,,0.0,,"[0.0,0.0,0.0,0.0,0.0]",,False,secondary_origin_descriptive_only,inconclusive
point_only,method-observation-interval,arm-06/dt120,final_eval,arm-06/dt120,arm-01/full,inconclusive,secondary_origin_descriptive_only,6,150,0,0,False,-11.972122076797026,11.972122076797026,,,,,,5.438822054001456,-2.2012343772102057,"[-13.32088798886924,-4.505443496990097,-9.391978237069964,-21.748906531504417,-10.89339412955141]",,False,secondary_origin_descriptive_only,inconclusive
point_only,method-observation-interval,arm-06/dt30,final_eval,arm-06/dt30,arm-01/full,inconclusive,secondary_origin_descriptive_only,6,150,0,0,False,13.964750317757707,-13.964750317757707,,,,,,9.24431381843756,1.5106313558833704,"[10.434490409315922,18.1392747670524,18.098388562415437,9.626977007821703,13.524620842183074]",,False,secondary_origin_descriptive_only,inconclusive
point_only,method-observation-interval,arm-06/dt300,final_eval,arm-06/dt300,arm-01/full,inconclusive,secondary_origin_descriptive_only,6,150,0,0,False,-27.358557143863322,27.358557143863322,,,,,,20.590100904923915,-1.3287238013156506,"[-23.63791011371264,-28.83113840424942,-19.20815319569299,-37.556050154830324,-27.559533850831247]",,False,secondary_origin_descriptive_only,inconclusive
point_only,method-observation-interval,arm-06/dt600,final_eval,arm-06/dt600,arm-01/full,inconclusive,secondary_origin_descriptive_only,6,150,0,0,False,-31.146396959708046,31.146396959708046,,,,,,24.355060625617664,-1.278847030540625,"[-27.09665312561296,-33.777956137964104,-41.24595424311664,-30.530006250536758,-23.081415041309764]",,False,secondary_origin_descriptive_only,inconclusive
point_only,method-transfer-adaptation,arm-12/scratch,final_eval,arm-12/scratch,arm-11/full,inconclusive,secondary_origin_descriptive_only,6,150,0,0,False,7.682336773578709,-7.682336773578709,,,,,,12.300724657529452,0.6245434303641809,"[13.139859667779916,12.13612420627669,7.2942156721932845,6.8599126636121825,-1.01842834196853]",,False,secondary_origin_descriptive_only,inconclusive
point_only,method-transfer-adaptation,arm-14/reptile,final_eval,arm-14/reptile,arm-11/full,inconclusive,secondary_origin_descriptive_only,6,150,0,0,False,9.267053553447935,-9.267053553447935,,,,,,17.653233239146378,0.5249493635476401,"[15.002917615086261,17.252223879947934,13.05497023930682,0.21600612565366836,0.8091499072449911]",,False,secondary_origin_descriptive_only,inconclusive
point_only,method-transfer-adaptation,arm-15/drift_only,final_eval,arm-15/drift_only,arm-11/full,inconclusive,secondary_origin_descriptive_only,6,150,0,0,False,-2.0471566705252715,2.0471566705252715,,,,,,3.7495614062469254,-0.5459723014842811,"[0.1371610049565959,1.453685077935063,0.1686248684409198,-9.57422974738975,-2.421024556569184]",,False,secondary_origin_descriptive_only,inconclusive
point_only,method-transfer-adaptation,arm-15/two_step,final_eval,arm-15/two_step,arm-11/full,inconclusive,secondary_origin_descriptive_only,6,150,0,0,False,-2.4581580535126837,2.4581580535126837,,,,,,2.6845578033933575,-0.9156659060965281,"[2.23637266626244,2.6711043156520398,1.7769686390090744,-4.801083716277428,-14.174152172209546]",,False,secondary_origin_descriptive_only,inconclusive
point_only,weighted-es-lio,river,final_eval,lio-river,base,inconclusive,secondary_origin_descriptive_only,6,150,0,0,False,-56.604204667060166,56.604204667060166,,,,,,148.46072840175904,-0.38127392527591486,"[-56.89615966992338,-53.66597137417035,-53.569152286815154,-57.9864768011009,-60.90326320329109]",,False,secondary_origin_descriptive_only,inconclusive
point_only,weighted-es-lio,road,final_eval,lio-road,base,inconclusive,secondary_origin_descriptive_only,6,150,0,0,False,19.300172327346903,-19.300172327346903,,,,,,109.96490878511197,0.17551210236587703,"[21.708766701262945,22.760941056275602,17.90965002188877,17.307890287601182,16.813613569706032]",,False,secondary_origin_descriptive_only,inconclusive
point_only,weighted-es-lio,surface,final_eval,lio-surface,base,inconclusive,secondary_origin_descriptive_only,6,150,0,0,False,-43.65850091949616,43.65850091949616,,,,,,69.20012398839245,-0.6309020620659493,"[-43.70724305623465,-44.59884053015048,-41.724361762340045,-43.81700145112793,-44.445057797627726]",,False,secondary_origin_descriptive_only,inconclusive
point_only,weighted-es-lio,worldcover,final_eval,lio-worldcover,base,inconclusive,secondary_origin_descriptive_only,6,150,0,0,False,4.295822497864936,-4.295822497864936,,,,,,36.80685344138201,0.11671257106251673,"[2.8823904417054393,4.628524612236731,6.303909664008198,2.631960931753786,5.032326839620524]",,False,secondary_origin_descriptive_only,inconclusive
point_only,weighted-es-primary,all-vs-base,final_eval,all-terrain,base,inconclusive,secondary_origin_descriptive_only,6,180,0,0,False,-59.895617045259776,59.895617045259776,,,,,,165.70859619706837,-0.36145147819627366,"[-57.0265862812898,-59.65636435739509,-58.70881230215236,-60.08566455308534,-64.0006577323763]",,False,secondary_origin_descriptive_only,inconclusive
point_only,weighted-es-primary,river,final_eval,all-terrain,loo-river,inconclusive,secondary_origin_descriptive_only,6,180,0,0,False,-61.2704554827748,61.2704554827748,,,,,,136.56242647396704,-0.4486626158070999,"[-59.880002635552735,-62.549383787631434,-58.647168684165344,-61.56102046215819,-63.71470184436629]",,False,secondary_origin_descriptive_only,inconclusive
point_only,weighted-es-primary,road,final_eval,all-terrain,loo-road,inconclusive,secondary_origin_descriptive_only,6,180,0,0,False,23.866389916955598,-23.866389916955598,,,,,,153.64526216244093,0.15533436944982357,"[28.332032207736443,22.947633152435866,18.732147056170685,25.374053722212953,23.946083446222023]",,False,secondary_origin_descriptive_only,inconclusive
point_only,weighted-es-primary,surface,final_eval,all-terrain,loo-surface,inconclusive,secondary_origin_descriptive_only,6,180,0,0,False,-44.44133119560461,44.44133119560461,,,,,,97.0534345152677,-0.45790580640001405,"[-41.837144016265114,-46.4526336784424,-46.46206499116882,-43.244557246096406,-44.210256046050226]",,False,secondary_origin_descriptive_only,inconclusive
point_only,weighted-es-primary,worldcover,final_eval,all-terrain,loo-worldcover,inconclusive,secondary_origin_descriptive_only,6,180,0,0,False,5.929352672826984,-5.929352672826984,,,,,,41.7645911845464,0.14197080600230907,"[6.785341991272905,3.107953989618295,6.108721087155193,5.822755440448792,7.82199085563974]",,False,secondary_origin_descriptive_only,inconclusive
