card_id,factor_id,disposition,verdict,reason,verdict_references,selected_variant_ids,coverage,coverage_scope
input:dem_elevation,dem_elevation,screened-out,inconclusive,Not included in the frozen final comparison; no predictive rejection inferred from selection.,[],[],"{""materialized_coverage"":{""file"":{""denominator"":7618,""ratio"":0.9994749278025729,""valid"":7614},""independent_block"":{""denominator"":7449,""ratio"":0.9994630151698215,""valid"":7445},""point"":{""denominator"":14738300,""ratio"":0.999984733653135,""valid"":14738075},""segment"":{""denominator"":75261,""ratio"":1.0,""valid"":75261}},""source_coverage"":{""file"":{""denominator"":7618,""ratio"":0.9994749278025729,""valid"":7614},""independent_block"":{""denominator"":7449,""ratio"":0.9994630151698215,""valid"":7445},""point"":{""denominator"":14738300,""ratio"":0.9999927400039353,""valid"":14738193},""segment"":{""denominator"":75261,""ratio"":1.0,""valid"":75261}},""splits"":{""final_eval"":{""materialized_coverage"":{""file"":{""denominator"":1125,""ratio"":1.0,""valid"":1125},""independent_block"":{""denominator"":1094,""ratio"":1.0,""valid"":1094},""point"":{""denominator"":2342992,""ratio"":0.9999061029657805,""valid"":2342772},""segment"":{""denominator"":12849,""ratio"":1.0,""valid"":12849}},""source_coverage"":{""file"":{""denominator"":1125,""ratio"":1.0,""valid"":1125},""independent_block"":{""denominator"":1094,""ratio"":1.0,""valid"":1094},""point"":{""denominator"":2342992,""ratio"":0.9999551855063953,""valid"":2342887},""segment"":{""denominator"":12849,""ratio"":1.0,""valid"":12849}}},""train"":{""materialized_coverage"":{""file"":{""denominator"":5373,""ratio"":0.9996277684719895,""valid"":5371},""independent_block"":{""denominator"":5254,""ratio"":0.9996193376475067,""valid"":5252},""point"":{""denominator"":10358614,""ratio"":0.9999999034619883,""valid"":10358613},""segment"":{""denominator"":52176,""ratio"":1.0,""valid"":52176}},""source_coverage"":{""file"":{""denominator"":5373,""ratio"":0.9996277684719895,""valid"":5371},""independent_block"":{""denominator"":5254,""ratio"":0.9996193376475067,""valid"":5252},""point"":{""denominator"":10358614,""ratio"":1.0,""valid"":10358614},""segment"":{""denominator"":52176,""ratio"":1.0,""valid"":52176}}},""validation"":{""materialized_coverage"":{""file"":{""denominator"":1120,""ratio"":0.9982142857142857,""valid"":1118},""independent_block"":{""denominator"":1101,""ratio"":0.9981834695731153,""valid"":1099},""point"":{""denominator"":2036694,""ratio"":0.9999980360329043,""valid"":2036690},""segment"":{""denominator"":10236,""ratio"":1.0,""valid"":10236}},""source_coverage"":{""file"":{""denominator"":1120,""ratio"":0.9982142857142857,""valid"":1118},""independent_block"":{""denominator"":1101,""ratio"":0.9981834695731153,""valid"":1099},""point"":{""denominator"":2036694,""ratio"":0.9999990180164522,""valid"":2036692},""segment"":{""denominator"":10236,""ratio"":1.0,""valid"":10236}}}}}",Frozen full snapshot/split counts; not forecast-origin/map-query success or predictive effect.
input:dem_local_elevation,dem_local_elevation,screened-out,inconclusive,Not included in the frozen final comparison; no predictive rejection inferred from selection.,[],[],"{""materialized_coverage"":{""file"":{""denominator"":7618,""ratio"":0.9978997112102914,""valid"":7602},""independent_block"":{""denominator"":7449,""ratio"":0.9978520606792858,""valid"":7433},""point"":{""denominator"":14738300,""ratio"":0.9949285195714567,""valid"":14663555},""segment"":{""denominator"":75261,""ratio"":0.9938082140816625,""valid"":74795}},""source_coverage"":{""file"":{""denominator"":7618,""ratio"":0.9994749278025729,""valid"":7614},""independent_block"":{""denominator"":7449,""ratio"":0.9994630151698215,""valid"":7445},""point"":{""denominator"":14738300,""ratio"":0.9999927400039353,""valid"":14738193},""segment"":{""denominator"":75261,""ratio"":1.0,""valid"":75261}},""splits"":{""final_eval"":{""materialized_coverage"":{""file"":{""denominator"":1125,""ratio"":0.9991111111111111,""valid"":1124},""independent_block"":{""denominator"":1094,""ratio"":0.9990859232175503,""valid"":1093},""point"":{""denominator"":2342992,""ratio"":0.9932389867314955,""valid"":2327151},""segment"":{""denominator"":12849,""ratio"":0.9946299322904506,""valid"":12780}},""source_coverage"":{""file"":{""denominator"":1125,""ratio"":1.0,""valid"":1125},""independent_block"":{""denominator"":1094,""ratio"":1.0,""valid"":1094},""point"":{""denominator"":2342992,""ratio"":0.9999551855063953,""valid"":2342887},""segment"":{""denominator"":12849,""ratio"":1.0,""valid"":12849}}},""train"":{""materialized_coverage"":{""file"":{""denominator"":5373,""ratio"":0.9979527265959427,""valid"":5362},""independent_block"":{""denominator"":5254,""ratio"":0.9979063570612866,""valid"":5243},""point"":{""denominator"":10358614,""ratio"":0.994997689845379,""valid"":10306797},""segment"":{""denominator"":52176,""ratio"":0.993349432689359,""valid"":51829}},""source_coverage"":{""file"":{""denominator"":5373,""ratio"":0.9996277684719895,""valid"":5371},""independent_block"":{""denominator"":5254,""ratio"":0.9996193376475067,""valid"":5252},""point"":{""denominator"":10358614,""ratio"":1.0,""valid"":10358614},""segment"":{""denominator"":52176,""ratio"":1.0,""valid"":52176}}},""validation"":{""materialized_coverage"":{""file"":{""denominator"":1120,""ratio"":0.9964285714285714,""valid"":1116},""independent_block"":{""denominator"":1101,""ratio"":0.9963669391462306,""valid"":1097},""point"":{""denominator"":2036694,""ratio"":0.9965203412982019,""valid"":2029607},""segment"":{""denominator"":10236,""ratio"":0.995115279406018,""valid"":10186}},""source_coverage"":{""file"":{""denominator"":1120,""ratio"":0.9982142857142857,""valid"":1118},""independent_block"":{""denominator"":1101,""ratio"":0.9981834695731153,""valid"":1099},""point"":{""denominator"":2036694,""ratio"":0.9999990180164522,""valid"":2036692},""segment"":{""denominator"":10236,""ratio"":1.0,""valid"":10236}}}}}",Frozen full snapshot/split counts; not forecast-origin/map-query success or predictive effect.
input:dem_surface,dem_surface,evaluated-selected-group,,Only the selected variants participate; consult incremental group evidence.,"[""terrain:surface""]","[""surface.orientation""]","{""materialized_coverage"":{""file"":{""denominator"":7618,""ratio"":0.9994749278025729,""valid"":7614},""independent_block"":{""denominator"":7449,""ratio"":0.9994630151698215,""valid"":7445},""point"":{""denominator"":14738300,""ratio"":0.999474701966984,""valid"":14730558},""segment"":{""denominator"":75261,""ratio"":0.9997475452093382,""valid"":75242}},""source_coverage"":{""file"":{""denominator"":7618,""ratio"":0.9994749278025729,""valid"":7614},""independent_block"":{""denominator"":7449,""ratio"":0.9994630151698215,""valid"":7445},""point"":{""denominator"":14738300,""ratio"":0.9999927400039353,""valid"":14738193},""segment"":{""denominator"":75261,""ratio"":1.0,""valid"":75261}},""splits"":{""final_eval"":{""materialized_coverage"":{""file"":{""denominator"":1125,""ratio"":1.0,""valid"":1125},""independent_block"":{""denominator"":1094,""ratio"":1.0,""valid"":1094},""point"":{""denominator"":2342992,""ratio"":0.9991301720193667,""valid"":2340954},""segment"":{""denominator"":12849,""ratio"":0.999533037590474,""valid"":12843}},""source_coverage"":{""file"":{""denominator"":1125,""ratio"":1.0,""valid"":1125},""independent_block"":{""denominator"":1094,""ratio"":1.0,""valid"":1094},""point"":{""denominator"":2342992,""ratio"":0.9999551855063953,""valid"":2342887},""segment"":{""denominator"":12849,""ratio"":1.0,""valid"":12849}}},""train"":{""materialized_coverage"":{""file"":{""denominator"":5373,""ratio"":0.9996277684719895,""valid"":5371},""independent_block"":{""denominator"":5254,""ratio"":0.9996193376475067,""valid"":5252},""point"":{""denominator"":10358614,""ratio"":0.9995097799763559,""valid"":10353536},""segment"":{""denominator"":52176,""ratio"":0.9998083409996933,""valid"":52166}},""source_coverage"":{""file"":{""denominator"":5373,""ratio"":0.9996277684719895,""valid"":5371},""independent_block"":{""denominator"":5254,""ratio"":0.9996193376475067,""valid"":5252},""point"":{""denominator"":10358614,""ratio"":1.0,""valid"":10358614},""segment"":{""denominator"":52176,""ratio"":1.0,""valid"":52176}}},""validation"":{""materialized_coverage"":{""file"":{""denominator"":1120,""ratio"":0.9982142857142857,""valid"":1118},""independent_block"":{""denominator"":1101,""ratio"":0.9981834695731153,""valid"":1099},""point"":{""denominator"":2036694,""ratio"":0.9996926391495237,""valid"":2036068},""segment"":{""denominator"":10236,""ratio"":0.9997069167643611,""valid"":10233}},""source_coverage"":{""file"":{""denominator"":1120,""ratio"":0.9982142857142857,""valid"":1118},""independent_block"":{""denominator"":1101,""ratio"":0.9981834695731153,""valid"":1099},""point"":{""denominator"":2036694,""ratio"":0.9999990180164522,""valid"":2036692},""segment"":{""denominator"":10236,""ratio"":1.0,""valid"":10236}}}}}",Frozen full snapshot/split counts; not forecast-origin/map-query success or predictive effect.
input:historical_motion,historical_motion,baseline-diagnostic,,"History is baseline context, not terrain.",[],"[""history.direction""]","{""materialized_coverage"":{""file"":{""denominator"":7618,""ratio"":0.999343659753216,""valid"":7613},""independent_block"":{""denominator"":7449,""ratio"":0.9993287689622768,""valid"":7444},""point"":{""denominator"":14738300,""ratio"":0.9948268117761208,""valid"":14662056},""segment"":{""denominator"":75261,""ratio"":0.977119623709491,""valid"":73539}},""source_coverage"":{""file"":{""denominator"":7618,""ratio"":0.9994749278025729,""valid"":7614},""independent_block"":{""denominator"":7449,""ratio"":0.9994630151698215,""valid"":7445},""point"":{""denominator"":14738300,""ratio"":1.0,""valid"":14738300},""segment"":{""denominator"":75261,""ratio"":1.0,""valid"":75261}},""splits"":{""final_eval"":{""materialized_coverage"":{""file"":{""denominator"":1125,""ratio"":1.0,""valid"":1125},""independent_block"":{""denominator"":1094,""ratio"":1.0,""valid"":1094},""point"":{""denominator"":2342992,""ratio"":0.9944916585289237,""valid"":2330086},""segment"":{""denominator"":12849,""ratio"":0.9815549848237217,""valid"":12612}},""source_coverage"":{""file"":{""denominator"":1125,""ratio"":1.0,""valid"":1125},""independent_block"":{""denominator"":1094,""ratio"":1.0,""valid"":1094},""point"":{""denominator"":2342992,""ratio"":1.0,""valid"":2342992},""segment"":{""denominator"":12849,""ratio"":1.0,""valid"":12849}}},""train"":{""materialized_coverage"":{""file"":{""denominator"":5373,""ratio"":0.9994416527079844,""valid"":5370},""independent_block"":{""denominator"":5254,""ratio"":0.99942900647126,""valid"":5251},""point"":{""denominator"":10358614,""ratio"":0.9948764381026265,""valid"":10305541},""segment"":{""denominator"":52176,""ratio"":0.9756018092609628,""valid"":50903}},""source_coverage"":{""file"":{""denominator"":5373,""ratio"":0.9996277684719895,""valid"":5371},""independent_block"":{""denominator"":5254,""ratio"":0.9996193376475067,""valid"":5252},""point"":{""denominator"":10358614,""ratio"":1.0,""valid"":10358614},""segment"":{""denominator"":52176,""ratio"":1.0,""valid"":52176}}},""validation"":{""materialized_coverage"":{""file"":{""denominator"":1120,""ratio"":0.9982142857142857,""valid"":1118},""independent_block"":{""denominator"":1101,""ratio"":0.9981834695731153,""valid"":1099},""point"":{""denominator"":2036694,""ratio"":0.994959969440672,""valid"":2026429},""segment"":{""denominator"":10236,""ratio"":0.9792887846815163,""valid"":10024}},""source_coverage"":{""file"":{""denominator"":1120,""ratio"":0.9982142857142857,""valid"":1118},""independent_block"":{""denominator"":1101,""ratio"":0.9981834695731153,""valid"":1099},""point"":{""denominator"":2036694,""ratio"":1.0,""valid"":2036694},""segment"":{""denominator"":10236,""ratio"":1.0,""valid"":10236}}}}}",Frozen full snapshot/split counts; not forecast-origin/map-query success or predictive effect.
input:hydrorivers_river,hydrorivers_river,evaluated-selected-group,,Only the selected variants participate; consult incremental group evidence.,"[""terrain:river""]","[""river.distance_log1p"",""river.direction""]","{""materialized_coverage"":{""file"":{""denominator"":7618,""ratio"":0.9872669992123917,""valid"":7521},""independent_block"":{""denominator"":7449,""ratio"":0.9876493489058934,""valid"":7357},""point"":{""denominator"":14738300,""ratio"":0.9954692875026292,""valid"":14671525},""segment"":{""denominator"":75261,""ratio"":0.9834575676645274,""valid"":74016}},""source_coverage"":{""file"":{""denominator"":7618,""ratio"":0.9872669992123917,""valid"":7521},""independent_block"":{""denominator"":7449,""ratio"":0.9876493489058934,""valid"":7357},""point"":{""denominator"":14738300,""ratio"":0.9954692875026292,""valid"":14671525},""segment"":{""denominator"":75261,""ratio"":0.9834575676645274,""valid"":74016}},""splits"":{""final_eval"":{""materialized_coverage"":{""file"":{""denominator"":1125,""ratio"":0.9928888888888889,""valid"":1117},""independent_block"":{""denominator"":1094,""ratio"":0.9926873857404022,""valid"":1086},""point"":{""denominator"":2342992,""ratio"":0.9963299063761208,""valid"":2334393},""segment"":{""denominator"":12849,""ratio"":0.9950190676317223,""valid"":12785}},""source_coverage"":{""file"":{""denominator"":1125,""ratio"":0.9928888888888889,""valid"":1117},""independent_block"":{""denominator"":1094,""ratio"":0.9926873857404022,""valid"":1086},""point"":{""denominator"":2342992,""ratio"":0.9963299063761208,""valid"":2334393},""segment"":{""denominator"":12849,""ratio"":0.9950190676317223,""valid"":12785}}},""train"":{""materialized_coverage"":{""file"":{""denominator"":5373,""ratio"":0.98678578075563,""valid"":5302},""independent_block"":{""denominator"":5254,""ratio"":0.9874381423677199,""valid"":5188},""point"":{""denominator"":10358614,""ratio"":0.9957365917872797,""valid"":10314451},""segment"":{""denominator"":52176,""ratio"":0.984993100275989,""valid"":51393}},""source_coverage"":{""file"":{""denominator"":5373,""ratio"":0.98678578075563,""valid"":5302},""independent_block"":{""denominator"":5254,""ratio"":0.9874381423677199,""valid"":5188},""point"":{""denominator"":10358614,""ratio"":0.9957365917872797,""valid"":10314451},""segment"":{""denominator"":52176,""ratio"":0.984993100275989,""valid"":51393}}},""validation"":{""materialized_coverage"":{""file"":{""denominator"":1120,""ratio"":0.9839285714285714,""valid"":1102},""independent_block"":{""denominator"":1101,""ratio"":0.9836512261580381,""valid"":1083},""point"":{""denominator"":2036694,""ratio"":0.9931197322720056,""valid"":2022681},""segment"":{""denominator"":10236,""ratio"":0.961117624071903,""valid"":9838}},""source_coverage"":{""file"":{""denominator"":1120,""ratio"":0.9839285714285714,""valid"":1102},""independent_block"":{""denominator"":1101,""ratio"":0.9836512261580381,""valid"":1083},""point"":{""denominator"":2036694,""ratio"":0.9931197322720056,""valid"":2022681},""segment"":{""denominator"":10236,""ratio"":0.961117624071903,""valid"":9838}}}}}",Frozen full snapshot/split counts; not forecast-origin/map-query success or predictive effect.
input:jrc_surface_water,jrc_surface_water,screened-out,inconclusive,Not included in the frozen final comparison; no predictive rejection inferred from selection.,[],[],"{""materialized_coverage"":{""file"":{""denominator"":7618,""ratio"":0.9119191388815963,""valid"":6947},""independent_block"":{""denominator"":7449,""ratio"":0.9131427037186199,""valid"":6802},""point"":{""denominator"":14738300,""ratio"":0.9570303902078259,""valid"":14105001},""segment"":{""denominator"":75261,""ratio"":0.9280636717556238,""valid"":69847}},""source_coverage"":{""file"":{""denominator"":7618,""ratio"":0.9119191388815963,""valid"":6947},""independent_block"":{""denominator"":7449,""ratio"":0.9131427037186199,""valid"":6802},""point"":{""denominator"":14738300,""ratio"":0.9570303902078259,""valid"":14105001},""segment"":{""denominator"":75261,""ratio"":0.9280636717556238,""valid"":69847}},""splits"":{""final_eval"":{""materialized_coverage"":{""file"":{""denominator"":1125,""ratio"":0.9146666666666666,""valid"":1029},""independent_block"":{""denominator"":1094,""ratio"":0.9159049360146252,""valid"":1002},""point"":{""denominator"":2342992,""ratio"":0.9571633193796649,""valid"":2242626},""segment"":{""denominator"":12849,""ratio"":0.9432640672425869,""valid"":12120}},""source_coverage"":{""file"":{""denominator"":1125,""ratio"":0.9146666666666666,""valid"":1029},""independent_block"":{""denominator"":1094,""ratio"":0.9159049360146252,""valid"":1002},""point"":{""denominator"":2342992,""ratio"":0.9571633193796649,""valid"":2242626},""segment"":{""denominator"":12849,""ratio"":0.9432640672425869,""valid"":12120}}},""train"":{""materialized_coverage"":{""file"":{""denominator"":5373,""ratio"":0.9132700539735715,""valid"":4907},""independent_block"":{""denominator"":5254,""ratio"":0.9149219642177389,""valid"":4807},""point"":{""denominator"":10358614,""ratio"":0.958076437639244,""valid"":9924344},""segment"":{""denominator"":52176,""ratio"":0.9243905243790248,""valid"":48231}},""source_coverage"":{""file"":{""denominator"":5373,""ratio"":0.9132700539735715,""valid"":4907},""independent_block"":{""denominator"":5254,""ratio"":0.9149219642177389,""valid"":4807},""point"":{""denominator"":10358614,""ratio"":0.958076437639244,""valid"":9924344},""segment"":{""denominator"":52176,""ratio"":0.9243905243790248,""valid"":48231}}},""validation"":{""materialized_coverage"":{""file"":{""denominator"":1120,""ratio"":0.9026785714285714,""valid"":1011},""independent_block"":{""denominator"":1101,""ratio"":0.9019073569482289,""valid"":993},""point"":{""denominator"":2036694,""ratio"":0.9515572786093541,""valid"":1938031},""segment"":{""denominator"":10236,""ratio"":0.9277061352090661,""valid"":9496}},""source_coverage"":{""file"":{""denominator"":1120,""ratio"":0.9026785714285714,""valid"":1011},""independent_block"":{""denominator"":1101,""ratio"":0.9019073569482289,""valid"":993},""point"":{""denominator"":2036694,""ratio"":0.9515572786093541,""valid"":1938031},""segment"":{""denominator"":10236,""ratio"":0.9277061352090661,""valid"":9496}}}}}",Frozen full snapshot/split counts; not forecast-origin/map-query success or predictive effect.
input:osm_cliff,osm_cliff,screened-out,inconclusive,Not included in the frozen final comparison; no predictive rejection inferred from selection.,[],[],"{""materialized_coverage"":{""file"":{""denominator"":7618,""ratio"":0.40876870569703333,""valid"":3114},""independent_block"":{""denominator"":7449,""ratio"":0.41602899718082964,""valid"":3099},""point"":{""denominator"":14738300,""ratio"":0.6199963360767524,""valid"":9137692},""segment"":{""denominator"":75261,""ratio"":0.43791605213855783,""valid"":32958}},""source_coverage"":{""file"":{""denominator"":7618,""ratio"":0.40876870569703333,""valid"":3114},""independent_block"":{""denominator"":7449,""ratio"":0.41602899718082964,""valid"":3099},""point"":{""denominator"":14738300,""ratio"":0.6199963360767524,""valid"":9137692},""segment"":{""denominator"":75261,""ratio"":0.43791605213855783,""valid"":32958}},""splits"":{""final_eval"":{""materialized_coverage"":{""file"":{""denominator"":1125,""ratio"":0.4177777777777778,""valid"":470},""independent_block"":{""denominator"":1094,""ratio"":0.4259597806215722,""valid"":466},""point"":{""denominator"":2342992,""ratio"":0.6234148473404946,""valid"":1460656},""segment"":{""denominator"":12849,""ratio"":0.39466106311775234,""valid"":5071}},""source_coverage"":{""file"":{""denominator"":1125,""ratio"":0.4177777777777778,""valid"":470},""independent_block"":{""denominator"":1094,""ratio"":0.4259597806215722,""valid"":466},""point"":{""denominator"":2342992,""ratio"":0.6234148473404946,""valid"":1460656},""segment"":{""denominator"":12849,""ratio"":0.39466106311775234,""valid"":5071}}},""train"":{""materialized_coverage"":{""file"":{""denominator"":5373,""ratio"":0.410571375395496,""valid"":2206},""independent_block"":{""denominator"":5254,""ratio"":0.4181575942139322,""valid"":2197},""point"":{""denominator"":10358614,""ratio"":0.6214063001092617,""valid"":6436908},""segment"":{""denominator"":52176,""ratio"":0.4451280282122048,""valid"":23225}},""source_coverage"":{""file"":{""denominator"":5373,""ratio"":0.410571375395496,""valid"":2206},""independent_block"":{""denominator"":5254,""ratio"":0.4181575942139322,""valid"":2197},""point"":{""denominator"":10358614,""ratio"":0.6214063001092617,""valid"":6436908},""segment"":{""denominator"":52176,""ratio"":0.4451280282122048,""valid"":23225}}},""validation"":{""materialized_coverage"":{""file"":{""denominator"":1120,""ratio"":0.39107142857142857,""valid"":438},""independent_block"":{""denominator"":1101,""ratio"":0.3960036330608538,""valid"":436},""point"":{""denominator"":2036694,""ratio"":0.6088926466125987,""valid"":1240128},""segment"":{""denominator"":10236,""ratio"":0.45545134818288396,""valid"":4662}},""source_coverage"":{""file"":{""denominator"":1120,""ratio"":0.39107142857142857,""valid"":438},""independent_block"":{""denominator"":1101,""ratio"":0.3960036330608538,""valid"":436},""point"":{""denominator"":2036694,""ratio"":0.6088926466125987,""valid"":1240128},""segment"":{""denominator"":10236,""ratio"":0.45545134818288396,""valid"":4662}}}}}",Frozen full snapshot/split counts; not forecast-origin/map-query success or predictive effect.
input:osm_ridge,osm_ridge,screened-out,inconclusive,Not included in the frozen final comparison; no predictive rejection inferred from selection.,[],[],"{""materialized_coverage"":{""file"":{""denominator"":7618,""ratio"":0.408374901548963,""valid"":3111},""independent_block"":{""denominator"":7449,""ratio"":0.41562625855819574,""valid"":3096},""point"":{""denominator"":14738300,""ratio"":0.6199274678897838,""valid"":9136677},""segment"":{""denominator"":75261,""ratio"":0.43761044897091456,""valid"":32935}},""source_coverage"":{""file"":{""denominator"":7618,""ratio"":0.408374901548963,""valid"":3111},""independent_block"":{""denominator"":7449,""ratio"":0.41562625855819574,""valid"":3096},""point"":{""denominator"":14738300,""ratio"":0.6199274678897838,""valid"":9136677},""segment"":{""denominator"":75261,""ratio"":0.43761044897091456,""valid"":32935}},""splits"":{""final_eval"":{""materialized_coverage"":{""file"":{""denominator"":1125,""ratio"":0.4177777777777778,""valid"":470},""independent_block"":{""denominator"":1094,""ratio"":0.4259597806215722,""valid"":466},""point"":{""denominator"":2342992,""ratio"":0.6234148473404946,""valid"":1460656},""segment"":{""denominator"":12849,""ratio"":0.39466106311775234,""valid"":5071}},""source_coverage"":{""file"":{""denominator"":1125,""ratio"":0.4177777777777778,""valid"":470},""independent_block"":{""denominator"":1094,""ratio"":0.4259597806215722,""valid"":466},""point"":{""denominator"":2342992,""ratio"":0.6234148473404946,""valid"":1460656},""segment"":{""denominator"":12849,""ratio"":0.39466106311775234,""valid"":5071}}},""train"":{""materialized_coverage"":{""file"":{""denominator"":5373,""ratio"":0.41019914386748557,""valid"":2204},""independent_block"":{""denominator"":5254,""ratio"":0.4177769318614389,""valid"":2195},""point"":{""denominator"":10358614,""ratio"":0.6213198020507377,""valid"":6436012},""segment"":{""denominator"":52176,""ratio"":0.44472554431156086,""valid"":23204}},""source_coverage"":{""file"":{""denominator"":5373,""ratio"":0.41019914386748557,""valid"":2204},""independent_block"":{""denominator"":5254,""ratio"":0.4177769318614389,""valid"":2195},""point"":{""denominator"":10358614,""ratio"":0.6213198020507377,""valid"":6436012},""segment"":{""denominator"":52176,""ratio"":0.44472554431156086,""valid"":23204}}},""validation"":{""materialized_coverage"":{""file"":{""denominator"":1120,""ratio"":0.39017857142857143,""valid"":437},""independent_block"":{""denominator"":1101,""ratio"":0.39509536784741145,""valid"":435},""point"":{""denominator"":2036694,""ratio"":0.6088342185915017,""valid"":1240009},""segment"":{""denominator"":10236,""ratio"":0.45525595935912466,""valid"":4660}},""source_coverage"":{""file"":{""denominator"":1120,""ratio"":0.39017857142857143,""valid"":437},""independent_block"":{""denominator"":1101,""ratio"":0.39509536784741145,""valid"":435},""point"":{""denominator"":2036694,""ratio"":0.6088342185915017,""valid"":1240009},""segment"":{""denominator"":10236,""ratio"":0.45525595935912466,""valid"":4660}}}}}",Frozen full snapshot/split counts; not forecast-origin/map-query success or predictive effect.
input:overture_navigable_water,overture_navigable_water,screened-out,inconclusive,Not included in the frozen final comparison; no predictive rejection inferred from selection.,[],[],"{""materialized_coverage"":{""file"":{""denominator"":7618,""ratio"":0.7958781832501969,""valid"":6063},""independent_block"":{""denominator"":7449,""ratio"":0.797019734192509,""valid"":5937},""point"":{""denominator"":14738300,""ratio"":0.8961616332955633,""valid"":13207899},""segment"":{""denominator"":75261,""ratio"":0.8468529517279866,""valid"":63735}},""source_coverage"":{""file"":{""denominator"":7618,""ratio"":0.7958781832501969,""valid"":6063},""independent_block"":{""denominator"":7449,""ratio"":0.797019734192509,""valid"":5937},""point"":{""denominator"":14738300,""ratio"":0.8961616332955633,""valid"":13207899},""segment"":{""denominator"":75261,""ratio"":0.8468529517279866,""valid"":63735}},""splits"":{""final_eval"":{""materialized_coverage"":{""file"":{""denominator"":1125,""ratio"":0.7964444444444444,""valid"":896},""independent_block"":{""denominator"":1094,""ratio"":0.79981718464351,""valid"":875},""point"":{""denominator"":2342992,""ratio"":0.8961174429959642,""valid"":2099596},""segment"":{""denominator"":12849,""ratio"":0.869561833605728,""valid"":11173}},""source_coverage"":{""file"":{""denominator"":1125,""ratio"":0.7964444444444444,""valid"":896},""independent_block"":{""denominator"":1094,""ratio"":0.79981718464351,""valid"":875},""point"":{""denominator"":2342992,""ratio"":0.8961174429959642,""valid"":2099596},""segment"":{""denominator"":12849,""ratio"":0.869561833605728,""valid"":11173}}},""train"":{""materialized_coverage"":{""file"":{""denominator"":5373,""ratio"":0.7971338172343198,""valid"":4283},""independent_block"":{""denominator"":5254,""ratio"":0.7982489531785306,""valid"":4194},""point"":{""denominator"":10358614,""ratio"":0.8945610870334584,""valid"":9266413},""segment"":{""denominator"":52176,""ratio"":0.8384314627414904,""valid"":43746}},""source_coverage"":{""file"":{""denominator"":5373,""ratio"":0.7971338172343198,""valid"":4283},""independent_block"":{""denominator"":5254,""ratio"":0.7982489531785306,""valid"":4194},""point"":{""denominator"":10358614,""ratio"":0.8945610870334584,""valid"":9266413},""segment"":{""denominator"":52176,""ratio"":0.8384314627414904,""valid"":43746}}},""validation"":{""materialized_coverage"":{""file"":{""denominator"":1120,""ratio"":0.7892857142857143,""valid"":884},""independent_block"":{""denominator"":1101,""ratio"":0.7883742052679382,""valid"":868},""point"":{""denominator"":2036694,""ratio"":0.9043528384725442,""valid"":1841890},""segment"":{""denominator"":10236,""ratio"":0.8612739351309106,""valid"":8816}},""source_coverage"":{""file"":{""denominator"":1120,""ratio"":0.7892857142857143,""valid"":884},""independent_block"":{""denominator"":1101,""ratio"":0.7883742052679382,""valid"":868},""point"":{""denominator"":2036694,""ratio"":0.9043528384725442,""valid"":1841890},""segment"":{""denominator"":10236,""ratio"":0.8612739351309106,""valid"":8816}}}}}",Frozen full snapshot/split counts; not forecast-origin/map-query success or predictive effect.
input:overture_path,overture_path,screened-out,inconclusive,Not included in the frozen final comparison; no predictive rejection inferred from selection.,[],[],"{""materialized_coverage"":{""file"":{""denominator"":7618,""ratio"":0.8208191126279863,""valid"":6253},""independent_block"":{""denominator"":7449,""ratio"":0.82252651362599,""valid"":6127},""point"":{""denominator"":14738300,""ratio"":0.9078644076996668,""valid"":13380378},""segment"":{""denominator"":75261,""ratio"":0.8559014629090764,""valid"":64416}},""source_coverage"":{""file"":{""denominator"":7618,""ratio"":0.8208191126279863,""valid"":6253},""independent_block"":{""denominator"":7449,""ratio"":0.82252651362599,""valid"":6127},""point"":{""denominator"":14738300,""ratio"":0.9078644076996668,""valid"":13380378},""segment"":{""denominator"":75261,""ratio"":0.8559014629090764,""valid"":64416}},""splits"":{""final_eval"":{""materialized_coverage"":{""file"":{""denominator"":1125,""ratio"":0.8177777777777778,""valid"":920},""independent_block"":{""denominator"":1094,""ratio"":0.8217550274223034,""valid"":899},""point"":{""denominator"":2342992,""ratio"":0.9052847811686937,""valid"":2121075},""segment"":{""denominator"":12849,""ratio"":0.8771888862946533,""valid"":11271}},""source_coverage"":{""file"":{""denominator"":1125,""ratio"":0.8177777777777778,""valid"":920},""independent_block"":{""denominator"":1094,""ratio"":0.8217550274223034,""valid"":899},""point"":{""denominator"":2342992,""ratio"":0.9052847811686937,""valid"":2121075},""segment"":{""denominator"":12849,""ratio"":0.8771888862946533,""valid"":11271}}},""train"":{""materialized_coverage"":{""file"":{""denominator"":5373,""ratio"":0.8226316769030337,""valid"":4420},""independent_block"":{""denominator"":5254,""ratio"":0.8243243243243243,""valid"":4331},""point"":{""denominator"":10358614,""ratio"":0.9067673532385704,""valid"":9392853},""segment"":{""denominator"":52176,""ratio"":0.8472477767555965,""valid"":44206}},""source_coverage"":{""file"":{""denominator"":5373,""ratio"":0.8226316769030337,""valid"":4420},""independent_block"":{""denominator"":5254,""ratio"":0.8243243243243243,""valid"":4331},""point"":{""denominator"":10358614,""ratio"":0.9067673532385704,""valid"":9392853},""segment"":{""denominator"":52176,""ratio"":0.8472477767555965,""valid"":44206}}},""validation"":{""materialized_coverage"":{""file"":{""denominator"":1120,""ratio"":0.8151785714285714,""valid"":913},""independent_block"":{""denominator"":1101,""ratio"":0.8147138964577657,""valid"":897},""point"":{""denominator"":2036694,""ratio"":0.9164115964401133,""valid"":1866450},""segment"":{""denominator"":10236,""ratio"":0.8732903477921062,""valid"":8939}},""source_coverage"":{""file"":{""denominator"":1120,""ratio"":0.8151785714285714,""valid"":913},""independent_block"":{""denominator"":1101,""ratio"":0.8147138964577657,""valid"":897},""point"":{""denominator"":2036694,""ratio"":0.9164115964401133,""valid"":1866450},""segment"":{""denominator"":10236,""ratio"":0.8732903477921062,""valid"":8939}}}}}",Frozen full snapshot/split counts; not forecast-origin/map-query success or predictive effect.
input:overture_rail,overture_rail,screened-out,inconclusive,Not included in the frozen final comparison; no predictive rejection inferred from selection.,[],[],"{""materialized_coverage"":{""file"":{""denominator"":7618,""ratio"":0.8191126279863481,""valid"":6240},""independent_block"":{""denominator"":7449,""ratio"":0.8209155591354544,""valid"":6115},""point"":{""denominator"":14738300,""ratio"":0.9077772198964602,""valid"":13379093},""segment"":{""denominator"":75261,""ratio"":0.8552371081968084,""valid"":64366}},""source_coverage"":{""file"":{""denominator"":7618,""ratio"":0.8191126279863481,""valid"":6240},""independent_block"":{""denominator"":7449,""ratio"":0.8209155591354544,""valid"":6115},""point"":{""denominator"":14738300,""ratio"":0.9077772198964602,""valid"":13379093},""segment"":{""denominator"":75261,""ratio"":0.8552371081968084,""valid"":64366}},""splits"":{""final_eval"":{""materialized_coverage"":{""file"":{""denominator"":1125,""ratio"":0.8151111111111111,""valid"":917},""independent_block"":{""denominator"":1094,""ratio"":0.819926873857404,""valid"":897},""point"":{""denominator"":2342992,""ratio"":0.9048951084766828,""valid"":2120162},""segment"":{""denominator"":12849,""ratio"":0.8741536306327341,""valid"":11232}},""source_coverage"":{""file"":{""denominator"":1125,""ratio"":0.8151111111111111,""valid"":917},""independent_block"":{""denominator"":1094,""ratio"":0.819926873857404,""valid"":897},""point"":{""denominator"":2342992,""ratio"":0.9048951084766828,""valid"":2120162},""segment"":{""denominator"":12849,""ratio"":0.8741536306327341,""valid"":11232}}},""train"":{""materialized_coverage"":{""file"":{""denominator"":5373,""ratio"":0.8213288665549973,""valid"":4413},""independent_block"":{""denominator"":5254,""ratio"":0.8229920060905976,""valid"":4324},""point"":{""denominator"":10358614,""ratio"":0.9067396468291994,""valid"":9392566},""segment"":{""denominator"":52176,""ratio"":0.8470944495553511,""valid"":44198}},""source_coverage"":{""file"":{""denominator"":5373,""ratio"":0.8213288665549973,""valid"":4413},""independent_block"":{""denominator"":5254,""ratio"":0.8229920060905976,""valid"":4324},""point"":{""denominator"":10358614,""ratio"":0.9067396468291994,""valid"":9392566},""segment"":{""denominator"":52176,""ratio"":0.8470944495553511,""valid"":44198}}},""validation"":{""materialized_coverage"":{""file"":{""denominator"":1120,""ratio"":0.8125,""valid"":910},""independent_block"":{""denominator"":1101,""ratio"":0.8119891008174387,""valid"":894},""point"":{""denominator"":2036694,""ratio"":0.9163698621393297,""valid"":1866365},""segment"":{""denominator"":10236,""ratio"":0.8729972645564674,""valid"":8936}},""source_coverage"":{""file"":{""denominator"":1120,""ratio"":0.8125,""valid"":910},""independent_block"":{""denominator"":1101,""ratio"":0.8119891008174387,""valid"":894},""point"":{""denominator"":2036694,""ratio"":0.9163698621393297,""valid"":1866365},""segment"":{""denominator"":10236,""ratio"":0.8729972645564674,""valid"":8936}}}}}",Frozen full snapshot/split counts; not forecast-origin/map-query success or predictive effect.
input:overture_road,overture_road,evaluated-selected-group,,Only the selected variants participate; consult incremental group evidence.,"[""terrain:road""]","[""road.distance_log1p"",""road.direction""]","{""materialized_coverage"":{""file"":{""denominator"":7618,""ratio"":0.8208191126279863,""valid"":6253},""independent_block"":{""denominator"":7449,""ratio"":0.82252651362599,""valid"":6127},""point"":{""denominator"":14738300,""ratio"":0.9078644076996668,""valid"":13380378},""segment"":{""denominator"":75261,""ratio"":0.8559014629090764,""valid"":64416}},""source_coverage"":{""file"":{""denominator"":7618,""ratio"":0.8208191126279863,""valid"":6253},""independent_block"":{""denominator"":7449,""ratio"":0.82252651362599,""valid"":6127},""point"":{""denominator"":14738300,""ratio"":0.9078644076996668,""valid"":13380378},""segment"":{""denominator"":75261,""ratio"":0.8559014629090764,""valid"":64416}},""splits"":{""final_eval"":{""materialized_coverage"":{""file"":{""denominator"":1125,""ratio"":0.8177777777777778,""valid"":920},""independent_block"":{""denominator"":1094,""ratio"":0.8217550274223034,""valid"":899},""point"":{""denominator"":2342992,""ratio"":0.9052847811686937,""valid"":2121075},""segment"":{""denominator"":12849,""ratio"":0.8771888862946533,""valid"":11271}},""source_coverage"":{""file"":{""denominator"":1125,""ratio"":0.8177777777777778,""valid"":920},""independent_block"":{""denominator"":1094,""ratio"":0.8217550274223034,""valid"":899},""point"":{""denominator"":2342992,""ratio"":0.9052847811686937,""valid"":2121075},""segment"":{""denominator"":12849,""ratio"":0.8771888862946533,""valid"":11271}}},""train"":{""materialized_coverage"":{""file"":{""denominator"":5373,""ratio"":0.8226316769030337,""valid"":4420},""independent_block"":{""denominator"":5254,""ratio"":0.8243243243243243,""valid"":4331},""point"":{""denominator"":10358614,""ratio"":0.9067673532385704,""valid"":9392853},""segment"":{""denominator"":52176,""ratio"":0.8472477767555965,""valid"":44206}},""source_coverage"":{""file"":{""denominator"":5373,""ratio"":0.8226316769030337,""valid"":4420},""independent_block"":{""denominator"":5254,""ratio"":0.8243243243243243,""valid"":4331},""point"":{""denominator"":10358614,""ratio"":0.9067673532385704,""valid"":9392853},""segment"":{""denominator"":52176,""ratio"":0.8472477767555965,""valid"":44206}}},""validation"":{""materialized_coverage"":{""file"":{""denominator"":1120,""ratio"":0.8151785714285714,""valid"":913},""independent_block"":{""denominator"":1101,""ratio"":0.8147138964577657,""valid"":897},""point"":{""denominator"":2036694,""ratio"":0.9164115964401133,""valid"":1866450},""segment"":{""denominator"":10236,""ratio"":0.8732903477921062,""valid"":8939}},""source_coverage"":{""file"":{""denominator"":1120,""ratio"":0.8151785714285714,""valid"":913},""independent_block"":{""denominator"":1101,""ratio"":0.8147138964577657,""valid"":897},""point"":{""denominator"":2036694,""ratio"":0.9164115964401133,""valid"":1866450},""segment"":{""denominator"":10236,""ratio"":0.8732903477921062,""valid"":8939}}}}}",Frozen full snapshot/split counts; not forecast-origin/map-query success or predictive effect.
input:worldcover,worldcover,evaluated-selected-group,,Only the selected variants participate; consult incremental group evidence.,"[""terrain:worldcover""]","[""worldcover.grouped""]","{""materialized_coverage"":{""file"":{""denominator"":7618,""ratio"":0.9994749278025729,""valid"":7614},""independent_block"":{""denominator"":7449,""ratio"":0.9994630151698215,""valid"":7445},""point"":{""denominator"":14738300,""ratio"":1.0,""valid"":14738300},""segment"":{""denominator"":75261,""ratio"":1.0,""valid"":75261}},""source_coverage"":{""file"":{""denominator"":7618,""ratio"":0.9994749278025729,""valid"":7614},""independent_block"":{""denominator"":7449,""ratio"":0.9994630151698215,""valid"":7445},""point"":{""denominator"":14738300,""ratio"":1.0,""valid"":14738300},""segment"":{""denominator"":75261,""ratio"":1.0,""valid"":75261}},""splits"":{""final_eval"":{""materialized_coverage"":{""file"":{""denominator"":1125,""ratio"":1.0,""valid"":1125},""independent_block"":{""denominator"":1094,""ratio"":1.0,""valid"":1094},""point"":{""denominator"":2342992,""ratio"":1.0,""valid"":2342992},""segment"":{""denominator"":12849,""ratio"":1.0,""valid"":12849}},""source_coverage"":{""file"":{""denominator"":1125,""ratio"":1.0,""valid"":1125},""independent_block"":{""denominator"":1094,""ratio"":1.0,""valid"":1094},""point"":{""denominator"":2342992,""ratio"":1.0,""valid"":2342992},""segment"":{""denominator"":12849,""ratio"":1.0,""valid"":12849}}},""train"":{""materialized_coverage"":{""file"":{""denominator"":5373,""ratio"":0.9996277684719895,""valid"":5371},""independent_block"":{""denominator"":5254,""ratio"":0.9996193376475067,""valid"":5252},""point"":{""denominator"":10358614,""ratio"":1.0,""valid"":10358614},""segment"":{""denominator"":52176,""ratio"":1.0,""valid"":52176}},""source_coverage"":{""file"":{""denominator"":5373,""ratio"":0.9996277684719895,""valid"":5371},""independent_block"":{""denominator"":5254,""ratio"":0.9996193376475067,""valid"":5252},""point"":{""denominator"":10358614,""ratio"":1.0,""valid"":10358614},""segment"":{""denominator"":52176,""ratio"":1.0,""valid"":52176}}},""validation"":{""materialized_coverage"":{""file"":{""denominator"":1120,""ratio"":0.9982142857142857,""valid"":1118},""independent_block"":{""denominator"":1101,""ratio"":0.9981834695731153,""valid"":1099},""point"":{""denominator"":2036694,""ratio"":1.0,""valid"":2036694},""segment"":{""denominator"":10236,""ratio"":1.0,""valid"":10236}},""source_coverage"":{""file"":{""denominator"":1120,""ratio"":0.9982142857142857,""valid"":1118},""independent_block"":{""denominator"":1101,""ratio"":0.9981834695731153,""valid"":1099},""point"":{""denominator"":2036694,""ratio"":1.0,""valid"":2036694},""segment"":{""denominator"":10236,""ratio"":1.0,""valid"":10236}}}}}",Frozen full snapshot/split counts; not forecast-origin/map-query success or predictive effect.
