cost_id,counts_by_status,expected_forecasts,feature_query_accounting,isolated_runtime_references,matrix,missing_timing_count,recorded_kernel_mean_seconds,recorded_kernel_total_seconds,recorded_timing_count,scope,subject
NEX326-methods:arm-01/full,"{""success"":290}",290,"{""counters"":{""feature_query_rows"":{""missing_forecasts"":0,""recorded_counts_by_status"":{""success"":290},""recorded_forecasts"":290,""row_total"":53693440},""invalid_feature_rows"":{""missing_forecasts"":0,""recorded_counts_by_status"":{""success"":290},""recorded_forecasts"":290,""row_total"":0},""raw_map_query_rows_this_forecast"":{""missing_forecasts"":290,""recorded_counts_by_status"":{},""recorded_forecasts"":0,""row_total"":null}},""counts_by_status"":{""success"":290},""expected_forecasts"":290,""invalid_counter_role"":""contractual-zero-not-map-validity"",""paired_feature_row_denominator"":53693440,""paired_invalid_counter_forecasts"":290,""paired_invalid_counter_missing_forecasts"":0,""paired_invalid_counts_by_status"":{""success"":290},""paired_invalid_row_numerator"":0,""recorded_selected_feature_invalid_fraction"":null,""scope"":""All registered origin modes, seeds and terminal statuses retained; sums over recorded particle-integration rows only, not unique locations, full-cohort validity, per-column map rates or robustness.""}",[0],NEX326-methods,0,0.7850144286223503,227.65418430048157,290,"Available recorded kernel times only, NOT complete total cost, isolated latency or an accuracy estimate.",arm-01/full
NEX326-methods:arm-02/pointwise,"{""success"":290}",290,"{""counters"":{""feature_query_rows"":{""missing_forecasts"":0,""recorded_counts_by_status"":{""success"":290},""recorded_forecasts"":290,""row_total"":53693440},""invalid_feature_rows"":{""missing_forecasts"":0,""recorded_counts_by_status"":{""success"":290},""recorded_forecasts"":290,""row_total"":0},""raw_map_query_rows_this_forecast"":{""missing_forecasts"":290,""recorded_counts_by_status"":{},""recorded_forecasts"":0,""row_total"":null}},""counts_by_status"":{""success"":290},""expected_forecasts"":290,""invalid_counter_role"":""contractual-zero-not-map-validity"",""paired_feature_row_denominator"":53693440,""paired_invalid_counter_forecasts"":290,""paired_invalid_counter_missing_forecasts"":0,""paired_invalid_counts_by_status"":{""success"":290},""paired_invalid_row_numerator"":0,""recorded_selected_feature_invalid_fraction"":null,""scope"":""All registered origin modes, seeds and terminal statuses retained; sums over recorded particle-integration rows only, not unique locations, full-cohort validity, per-column map rates or robustness.""}",[],NEX326-methods,0,0.7926477227590834,229.86783960013418,290,"Available recorded kernel times only, NOT complete total cost, isolated latency or an accuracy estimate.",arm-02/pointwise
NEX326-methods:arm-03/single_gaussian,"{""failed"":1,""success"":289}",290,"{""counters"":{""feature_query_rows"":{""missing_forecasts"":1,""recorded_counts_by_status"":{""success"":289},""recorded_forecasts"":289,""row_total"":53508608},""invalid_feature_rows"":{""missing_forecasts"":1,""recorded_counts_by_status"":{""success"":289},""recorded_forecasts"":289,""row_total"":0},""raw_map_query_rows_this_forecast"":{""missing_forecasts"":290,""recorded_counts_by_status"":{},""recorded_forecasts"":0,""row_total"":null}},""counts_by_status"":{""failed"":1,""success"":289},""expected_forecasts"":290,""invalid_counter_role"":""contractual-zero-not-map-validity"",""paired_feature_row_denominator"":53508608,""paired_invalid_counter_forecasts"":289,""paired_invalid_counter_missing_forecasts"":1,""paired_invalid_counts_by_status"":{""success"":289},""paired_invalid_row_numerator"":0,""recorded_selected_feature_invalid_fraction"":null,""scope"":""All registered origin modes, seeds and terminal statuses retained; sums over recorded particle-integration rows only, not unique locations, full-cohort validity, per-column map rates or robustness.""}",[],NEX326-methods,1,0.6991770982702632,202.06218140010606,289,"Available recorded kernel times only, NOT complete total cost, isolated latency or an accuracy estimate.",arm-03/single_gaussian
NEX326-methods:arm-04/gmm_kernel,"{""success"":290}",290,"{""counters"":{""feature_query_rows"":{""missing_forecasts"":0,""recorded_counts_by_status"":{""success"":290},""recorded_forecasts"":290,""row_total"":53693440},""invalid_feature_rows"":{""missing_forecasts"":0,""recorded_counts_by_status"":{""success"":290},""recorded_forecasts"":290,""row_total"":0},""raw_map_query_rows_this_forecast"":{""missing_forecasts"":290,""recorded_counts_by_status"":{},""recorded_forecasts"":0,""row_total"":null}},""counts_by_status"":{""success"":290},""expected_forecasts"":290,""invalid_counter_role"":""contractual-zero-not-map-validity"",""paired_feature_row_denominator"":53693440,""paired_invalid_counter_forecasts"":290,""paired_invalid_counter_missing_forecasts"":0,""paired_invalid_counts_by_status"":{""success"":290},""paired_invalid_row_numerator"":0,""recorded_selected_feature_invalid_fraction"":null,""scope"":""All registered origin modes, seeds and terminal statuses retained; sums over recorded particle-integration rows only, not unique locations, full-cohort validity, per-column map rates or robustness.""}",[1],NEX326-methods,0,0.8116033700006765,235.3649773001962,290,"Available recorded kernel times only, NOT complete total cost, isolated latency or an accuracy estimate.",arm-04/gmm_kernel
NEX326-methods:arm-05/explicit_decomp,"{""success"":290}",290,"{""counters"":{""feature_query_rows"":{""missing_forecasts"":0,""recorded_counts_by_status"":{""success"":290},""recorded_forecasts"":290,""row_total"":53693440},""invalid_feature_rows"":{""missing_forecasts"":0,""recorded_counts_by_status"":{""success"":290},""recorded_forecasts"":290,""row_total"":0},""raw_map_query_rows_this_forecast"":{""missing_forecasts"":290,""recorded_counts_by_status"":{},""recorded_forecasts"":0,""row_total"":null}},""counts_by_status"":{""success"":290},""expected_forecasts"":290,""invalid_counter_role"":""contractual-zero-not-map-validity"",""paired_feature_row_denominator"":53693440,""paired_invalid_counter_forecasts"":290,""paired_invalid_counter_missing_forecasts"":0,""paired_invalid_counts_by_status"":{""success"":290},""paired_invalid_row_numerator"":0,""recorded_selected_feature_invalid_fraction"":null,""scope"":""All registered origin modes, seeds and terminal statuses retained; sums over recorded particle-integration rows only, not unique locations, full-cohort validity, per-column map rates or robustness.""}",[2],NEX326-methods,0,0.7383483506874623,214.12102169936406,290,"Available recorded kernel times only, NOT complete total cost, isolated latency or an accuracy estimate.",arm-05/explicit_decomp
NEX326-methods:arm-06/dt120,"{""success"":290}",290,"{""counters"":{""feature_query_rows"":{""missing_forecasts"":0,""recorded_counts_by_status"":{""success"":290},""recorded_forecasts"":290,""row_total"":53693440},""invalid_feature_rows"":{""missing_forecasts"":0,""recorded_counts_by_status"":{""success"":290},""recorded_forecasts"":290,""row_total"":0},""raw_map_query_rows_this_forecast"":{""missing_forecasts"":290,""recorded_counts_by_status"":{},""recorded_forecasts"":0,""row_total"":null}},""counts_by_status"":{""success"":290},""expected_forecasts"":290,""invalid_counter_role"":""contractual-zero-not-map-validity"",""paired_feature_row_denominator"":53693440,""paired_invalid_counter_forecasts"":290,""paired_invalid_counter_missing_forecasts"":0,""paired_invalid_counts_by_status"":{""success"":290},""paired_invalid_row_numerator"":0,""recorded_selected_feature_invalid_fraction"":null,""scope"":""All registered origin modes, seeds and terminal statuses retained; sums over recorded particle-integration rows only, not unique locations, full-cohort validity, per-column map rates or robustness.""}",[],NEX326-methods,0,0.7890831603420746,228.83411649920163,290,"Available recorded kernel times only, NOT complete total cost, isolated latency or an accuracy estimate.",arm-06/dt120
NEX326-methods:arm-06/dt30,"{""failed"":1,""success"":289}",290,"{""counters"":{""feature_query_rows"":{""missing_forecasts"":1,""recorded_counts_by_status"":{""success"":289},""recorded_forecasts"":289,""row_total"":53508608},""invalid_feature_rows"":{""missing_forecasts"":1,""recorded_counts_by_status"":{""success"":289},""recorded_forecasts"":289,""row_total"":0},""raw_map_query_rows_this_forecast"":{""missing_forecasts"":290,""recorded_counts_by_status"":{},""recorded_forecasts"":0,""row_total"":null}},""counts_by_status"":{""failed"":1,""success"":289},""expected_forecasts"":290,""invalid_counter_role"":""contractual-zero-not-map-validity"",""paired_feature_row_denominator"":53508608,""paired_invalid_counter_forecasts"":289,""paired_invalid_counter_missing_forecasts"":1,""paired_invalid_counts_by_status"":{""success"":289},""paired_invalid_row_numerator"":0,""recorded_selected_feature_invalid_fraction"":null,""scope"":""All registered origin modes, seeds and terminal statuses retained; sums over recorded particle-integration rows only, not unique locations, full-cohort validity, per-column map rates or robustness.""}",[],NEX326-methods,1,0.7810671633223448,225.72841020015767,289,"Available recorded kernel times only, NOT complete total cost, isolated latency or an accuracy estimate.",arm-06/dt30
NEX326-methods:arm-06/dt300,"{""success"":290}",290,"{""counters"":{""feature_query_rows"":{""missing_forecasts"":0,""recorded_counts_by_status"":{""success"":290},""recorded_forecasts"":290,""row_total"":53693440},""invalid_feature_rows"":{""missing_forecasts"":0,""recorded_counts_by_status"":{""success"":290},""recorded_forecasts"":290,""row_total"":0},""raw_map_query_rows_this_forecast"":{""missing_forecasts"":290,""recorded_counts_by_status"":{},""recorded_forecasts"":0,""row_total"":null}},""counts_by_status"":{""success"":290},""expected_forecasts"":290,""invalid_counter_role"":""contractual-zero-not-map-validity"",""paired_feature_row_denominator"":53693440,""paired_invalid_counter_forecasts"":290,""paired_invalid_counter_missing_forecasts"":0,""paired_invalid_counts_by_status"":{""success"":290},""paired_invalid_row_numerator"":0,""recorded_selected_feature_invalid_fraction"":null,""scope"":""All registered origin modes, seeds and terminal statuses retained; sums over recorded particle-integration rows only, not unique locations, full-cohort validity, per-column map rates or robustness.""}",[],NEX326-methods,0,0.7796901941381732,226.11015630007023,290,"Available recorded kernel times only, NOT complete total cost, isolated latency or an accuracy estimate.",arm-06/dt300
NEX326-methods:arm-06/dt60,"{""success"":290}",290,"{""counters"":{""feature_query_rows"":{""missing_forecasts"":0,""recorded_counts_by_status"":{""success"":290},""recorded_forecasts"":290,""row_total"":53693440},""invalid_feature_rows"":{""missing_forecasts"":0,""recorded_counts_by_status"":{""success"":290},""recorded_forecasts"":290,""row_total"":0},""raw_map_query_rows_this_forecast"":{""missing_forecasts"":290,""recorded_counts_by_status"":{},""recorded_forecasts"":0,""row_total"":null}},""counts_by_status"":{""success"":290},""expected_forecasts"":290,""invalid_counter_role"":""contractual-zero-not-map-validity"",""paired_feature_row_denominator"":53693440,""paired_invalid_counter_forecasts"":290,""paired_invalid_counter_missing_forecasts"":0,""paired_invalid_counts_by_status"":{""success"":290},""paired_invalid_row_numerator"":0,""recorded_selected_feature_invalid_fraction"":null,""scope"":""All registered origin modes, seeds and terminal statuses retained; sums over recorded particle-integration rows only, not unique locations, full-cohort validity, per-column map rates or robustness.""}",[],NEX326-methods,0,0.7778375255162747,225.57288239971967,290,"Available recorded kernel times only, NOT complete total cost, isolated latency or an accuracy estimate.",arm-06/dt60
NEX326-methods:arm-06/dt600,"{""success"":290}",290,"{""counters"":{""feature_query_rows"":{""missing_forecasts"":0,""recorded_counts_by_status"":{""success"":290},""recorded_forecasts"":290,""row_total"":53693440},""invalid_feature_rows"":{""missing_forecasts"":0,""recorded_counts_by_status"":{""success"":290},""recorded_forecasts"":290,""row_total"":0},""raw_map_query_rows_this_forecast"":{""missing_forecasts"":290,""recorded_counts_by_status"":{},""recorded_forecasts"":0,""row_total"":null}},""counts_by_status"":{""success"":290},""expected_forecasts"":290,""invalid_counter_role"":""contractual-zero-not-map-validity"",""paired_feature_row_denominator"":53693440,""paired_invalid_counter_forecasts"":290,""paired_invalid_counter_missing_forecasts"":0,""paired_invalid_counts_by_status"":{""success"":290},""paired_invalid_row_numerator"":0,""recorded_selected_feature_invalid_fraction"":null,""scope"":""All registered origin modes, seeds and terminal statuses retained; sums over recorded particle-integration rows only, not unique locations, full-cohort validity, per-column map rates or robustness.""}",[],NEX326-methods,0,0.786024613447933,227.94713789990055,290,"Available recorded kernel times only, NOT complete total cost, isolated latency or an accuracy estimate.",arm-06/dt600
NEX326-methods:arm-07/full,"{""success"":290}",290,"{""counters"":{""feature_query_rows"":{""missing_forecasts"":0,""recorded_counts_by_status"":{""success"":290},""recorded_forecasts"":290,""row_total"":53693440},""invalid_feature_rows"":{""missing_forecasts"":0,""recorded_counts_by_status"":{""success"":290},""recorded_forecasts"":290,""row_total"":0},""raw_map_query_rows_this_forecast"":{""missing_forecasts"":290,""recorded_counts_by_status"":{},""recorded_forecasts"":0,""row_total"":null}},""counts_by_status"":{""success"":290},""expected_forecasts"":290,""invalid_counter_role"":""contractual-zero-not-map-validity"",""paired_feature_row_denominator"":53693440,""paired_invalid_counter_forecasts"":290,""paired_invalid_counter_missing_forecasts"":0,""paired_invalid_counts_by_status"":{""success"":290},""paired_invalid_row_numerator"":0,""recorded_selected_feature_invalid_fraction"":null,""scope"":""All registered origin modes, seeds and terminal statuses retained; sums over recorded particle-integration rows only, not unique locations, full-cohort validity, per-column map rates or robustness.""}",[],NEX326-methods,0,0.7994635634479547,231.84443339990685,290,"Available recorded kernel times only, NOT complete total cost, isolated latency or an accuracy estimate.",arm-07/full
NEX326-methods:arm-08/qmle,"{""success"":290}",290,"{""counters"":{""feature_query_rows"":{""missing_forecasts"":0,""recorded_counts_by_status"":{""success"":290},""recorded_forecasts"":290,""row_total"":53693440},""invalid_feature_rows"":{""missing_forecasts"":0,""recorded_counts_by_status"":{""success"":290},""recorded_forecasts"":290,""row_total"":0},""raw_map_query_rows_this_forecast"":{""missing_forecasts"":290,""recorded_counts_by_status"":{},""recorded_forecasts"":0,""row_total"":null}},""counts_by_status"":{""success"":290},""expected_forecasts"":290,""invalid_counter_role"":""contractual-zero-not-map-validity"",""paired_feature_row_denominator"":53693440,""paired_invalid_counter_forecasts"":290,""paired_invalid_counter_missing_forecasts"":0,""paired_invalid_counts_by_status"":{""success"":290},""paired_invalid_row_numerator"":0,""recorded_selected_feature_invalid_fraction"":null,""scope"":""All registered origin modes, seeds and terminal statuses retained; sums over recorded particle-integration rows only, not unique locations, full-cohort validity, per-column map rates or robustness.""}",[],NEX326-methods,0,0.7961843841368983,230.8934713997005,290,"Available recorded kernel times only, NOT complete total cost, isolated latency or an accuracy estimate.",arm-08/qmle
NEX326-methods:arm-09/mixed,"{""success"":290}",290,"{""counters"":{""feature_query_rows"":{""missing_forecasts"":0,""recorded_counts_by_status"":{""success"":290},""recorded_forecasts"":290,""row_total"":53693440},""invalid_feature_rows"":{""missing_forecasts"":0,""recorded_counts_by_status"":{""success"":290},""recorded_forecasts"":290,""row_total"":0},""raw_map_query_rows_this_forecast"":{""missing_forecasts"":290,""recorded_counts_by_status"":{},""recorded_forecasts"":0,""row_total"":null}},""counts_by_status"":{""success"":290},""expected_forecasts"":290,""invalid_counter_role"":""contractual-zero-not-map-validity"",""paired_feature_row_denominator"":53693440,""paired_invalid_counter_forecasts"":290,""paired_invalid_counter_missing_forecasts"":0,""paired_invalid_counts_by_status"":{""success"":290},""paired_invalid_row_numerator"":0,""recorded_selected_feature_invalid_fraction"":null,""scope"":""All registered origin modes, seeds and terminal statuses retained; sums over recorded particle-integration rows only, not unique locations, full-cohort validity, per-column map rates or robustness.""}",[],NEX326-methods,0,0.7842088041367443,227.42055319965584,290,"Available recorded kernel times only, NOT complete total cost, isolated latency or an accuracy estimate.",arm-09/mixed
NEX326-methods:arm-09/pure_es,"{""success"":290}",290,"{""counters"":{""feature_query_rows"":{""missing_forecasts"":0,""recorded_counts_by_status"":{""success"":290},""recorded_forecasts"":290,""row_total"":53693440},""invalid_feature_rows"":{""missing_forecasts"":0,""recorded_counts_by_status"":{""success"":290},""recorded_forecasts"":290,""row_total"":0},""raw_map_query_rows_this_forecast"":{""missing_forecasts"":290,""recorded_counts_by_status"":{},""recorded_forecasts"":0,""row_total"":null}},""counts_by_status"":{""success"":290},""expected_forecasts"":290,""invalid_counter_role"":""contractual-zero-not-map-validity"",""paired_feature_row_denominator"":53693440,""paired_invalid_counter_forecasts"":290,""paired_invalid_counter_missing_forecasts"":0,""paired_invalid_counts_by_status"":{""success"":290},""paired_invalid_row_numerator"":0,""recorded_selected_feature_invalid_fraction"":null,""scope"":""All registered origin modes, seeds and terminal statuses retained; sums over recorded particle-integration rows only, not unique locations, full-cohort validity, per-column map rates or robustness.""}",[],NEX326-methods,0,0.7946882065508016,230.4595798997325,290,"Available recorded kernel times only, NOT complete total cost, isolated latency or an accuracy estimate.",arm-09/pure_es
NEX326-methods:arm-10/d2_closed,"{""success"":290}",290,"{""counters"":{""feature_query_rows"":{""missing_forecasts"":0,""recorded_counts_by_status"":{""success"":290},""recorded_forecasts"":290,""row_total"":53693440},""invalid_feature_rows"":{""missing_forecasts"":0,""recorded_counts_by_status"":{""success"":290},""recorded_forecasts"":290,""row_total"":0},""raw_map_query_rows_this_forecast"":{""missing_forecasts"":290,""recorded_counts_by_status"":{},""recorded_forecasts"":0,""row_total"":null}},""counts_by_status"":{""success"":290},""expected_forecasts"":290,""invalid_counter_role"":""contractual-zero-not-map-validity"",""paired_feature_row_denominator"":53693440,""paired_invalid_counter_forecasts"":290,""paired_invalid_counter_missing_forecasts"":0,""paired_invalid_counts_by_status"":{""success"":290},""paired_invalid_row_numerator"":0,""recorded_selected_feature_invalid_fraction"":null,""scope"":""All registered origin modes, seeds and terminal statuses retained; sums over recorded particle-integration rows only, not unique locations, full-cohort validity, per-column map rates or robustness.""}",[],NEX326-methods,0,0.7964491886200167,230.97026469980483,290,"Available recorded kernel times only, NOT complete total cost, isolated latency or an accuracy estimate.",arm-10/d2_closed
NEX326-methods:arm-10/d2_mc,"{""success"":290}",290,"{""counters"":{""feature_query_rows"":{""missing_forecasts"":0,""recorded_counts_by_status"":{""success"":290},""recorded_forecasts"":290,""row_total"":53693440},""invalid_feature_rows"":{""missing_forecasts"":0,""recorded_counts_by_status"":{""success"":290},""recorded_forecasts"":290,""row_total"":0},""raw_map_query_rows_this_forecast"":{""missing_forecasts"":290,""recorded_counts_by_status"":{},""recorded_forecasts"":0,""row_total"":null}},""counts_by_status"":{""success"":290},""expected_forecasts"":290,""invalid_counter_role"":""contractual-zero-not-map-validity"",""paired_feature_row_denominator"":53693440,""paired_invalid_counter_forecasts"":290,""paired_invalid_counter_missing_forecasts"":0,""paired_invalid_counts_by_status"":{""success"":290},""paired_invalid_row_numerator"":0,""recorded_selected_feature_invalid_fraction"":null,""scope"":""All registered origin modes, seeds and terminal statuses retained; sums over recorded particle-integration rows only, not unique locations, full-cohort validity, per-column map rates or robustness.""}",[],NEX326-methods,0,0.8081329196550008,234.35854669995024,290,"Available recorded kernel times only, NOT complete total cost, isolated latency or an accuracy estimate.",arm-10/d2_mc
NEX326-methods:arm-11/full,"{""success"":290}",290,"{""counters"":{""feature_query_rows"":{""missing_forecasts"":0,""recorded_counts_by_status"":{""success"":290},""recorded_forecasts"":290,""row_total"":53693440},""invalid_feature_rows"":{""missing_forecasts"":0,""recorded_counts_by_status"":{""success"":290},""recorded_forecasts"":290,""row_total"":0},""raw_map_query_rows_this_forecast"":{""missing_forecasts"":290,""recorded_counts_by_status"":{},""recorded_forecasts"":0,""row_total"":null}},""counts_by_status"":{""success"":290},""expected_forecasts"":290,""invalid_counter_role"":""contractual-zero-not-map-validity"",""paired_feature_row_denominator"":53693440,""paired_invalid_counter_forecasts"":290,""paired_invalid_counter_missing_forecasts"":0,""paired_invalid_counts_by_status"":{""success"":290},""paired_invalid_row_numerator"":0,""recorded_selected_feature_invalid_fraction"":null,""scope"":""All registered origin modes, seeds and terminal statuses retained; sums over recorded particle-integration rows only, not unique locations, full-cohort validity, per-column map rates or robustness.""}",[],NEX326-methods,0,0.7908273106900542,229.3399201001157,290,"Available recorded kernel times only, NOT complete total cost, isolated latency or an accuracy estimate.",arm-11/full
NEX326-methods:arm-12/scratch,"{""success"":290}",290,"{""counters"":{""feature_query_rows"":{""missing_forecasts"":0,""recorded_counts_by_status"":{""success"":290},""recorded_forecasts"":290,""row_total"":53693440},""invalid_feature_rows"":{""missing_forecasts"":0,""recorded_counts_by_status"":{""success"":290},""recorded_forecasts"":290,""row_total"":0},""raw_map_query_rows_this_forecast"":{""missing_forecasts"":290,""recorded_counts_by_status"":{},""recorded_forecasts"":0,""row_total"":null}},""counts_by_status"":{""success"":290},""expected_forecasts"":290,""invalid_counter_role"":""contractual-zero-not-map-validity"",""paired_feature_row_denominator"":53693440,""paired_invalid_counter_forecasts"":290,""paired_invalid_counter_missing_forecasts"":0,""paired_invalid_counts_by_status"":{""success"":290},""paired_invalid_row_numerator"":0,""recorded_selected_feature_invalid_fraction"":null,""scope"":""All registered origin modes, seeds and terminal statuses retained; sums over recorded particle-integration rows only, not unique locations, full-cohort validity, per-column map rates or robustness.""}",[],NEX326-methods,0,0.7985650775864809,231.58387250007945,290,"Available recorded kernel times only, NOT complete total cost, isolated latency or an accuracy estimate.",arm-12/scratch
NEX326-methods:arm-14/reptile,"{""success"":290}",290,"{""counters"":{""feature_query_rows"":{""missing_forecasts"":0,""recorded_counts_by_status"":{""success"":290},""recorded_forecasts"":290,""row_total"":53693440},""invalid_feature_rows"":{""missing_forecasts"":0,""recorded_counts_by_status"":{""success"":290},""recorded_forecasts"":290,""row_total"":0},""raw_map_query_rows_this_forecast"":{""missing_forecasts"":290,""recorded_counts_by_status"":{},""recorded_forecasts"":0,""row_total"":null}},""counts_by_status"":{""success"":290},""expected_forecasts"":290,""invalid_counter_role"":""contractual-zero-not-map-validity"",""paired_feature_row_denominator"":53693440,""paired_invalid_counter_forecasts"":290,""paired_invalid_counter_missing_forecasts"":0,""paired_invalid_counts_by_status"":{""success"":290},""paired_invalid_row_numerator"":0,""recorded_selected_feature_invalid_fraction"":null,""scope"":""All registered origin modes, seeds and terminal statuses retained; sums over recorded particle-integration rows only, not unique locations, full-cohort validity, per-column map rates or robustness.""}",[],NEX326-methods,0,0.7965515448281276,230.99994800015702,290,"Available recorded kernel times only, NOT complete total cost, isolated latency or an accuracy estimate.",arm-14/reptile
NEX326-methods:arm-15/drift_only,"{""success"":290}",290,"{""counters"":{""feature_query_rows"":{""missing_forecasts"":0,""recorded_counts_by_status"":{""success"":290},""recorded_forecasts"":290,""row_total"":53693440},""invalid_feature_rows"":{""missing_forecasts"":0,""recorded_counts_by_status"":{""success"":290},""recorded_forecasts"":290,""row_total"":0},""raw_map_query_rows_this_forecast"":{""missing_forecasts"":290,""recorded_counts_by_status"":{},""recorded_forecasts"":0,""row_total"":null}},""counts_by_status"":{""success"":290},""expected_forecasts"":290,""invalid_counter_role"":""contractual-zero-not-map-validity"",""paired_feature_row_denominator"":53693440,""paired_invalid_counter_forecasts"":290,""paired_invalid_counter_missing_forecasts"":0,""paired_invalid_counts_by_status"":{""success"":290},""paired_invalid_row_numerator"":0,""recorded_selected_feature_invalid_fraction"":null,""scope"":""All registered origin modes, seeds and terminal statuses retained; sums over recorded particle-integration rows only, not unique locations, full-cohort validity, per-column map rates or robustness.""}",[],NEX326-methods,0,0.8100130317257999,234.90377920048195,290,"Available recorded kernel times only, NOT complete total cost, isolated latency or an accuracy estimate.",arm-15/drift_only
NEX326-methods:arm-15/two_step,"{""success"":290}",290,"{""counters"":{""feature_query_rows"":{""missing_forecasts"":0,""recorded_counts_by_status"":{""success"":290},""recorded_forecasts"":290,""row_total"":53693440},""invalid_feature_rows"":{""missing_forecasts"":0,""recorded_counts_by_status"":{""success"":290},""recorded_forecasts"":290,""row_total"":0},""raw_map_query_rows_this_forecast"":{""missing_forecasts"":290,""recorded_counts_by_status"":{},""recorded_forecasts"":0,""row_total"":null}},""counts_by_status"":{""success"":290},""expected_forecasts"":290,""invalid_counter_role"":""contractual-zero-not-map-validity"",""paired_feature_row_denominator"":53693440,""paired_invalid_counter_forecasts"":290,""paired_invalid_counter_missing_forecasts"":0,""paired_invalid_counts_by_status"":{""success"":290},""paired_invalid_row_numerator"":0,""recorded_selected_feature_invalid_fraction"":null,""scope"":""All registered origin modes, seeds and terminal statuses retained; sums over recorded particle-integration rows only, not unique locations, full-cohort validity, per-column map rates or robustness.""}",[],NEX326-methods,0,0.8004059224126555,232.1177174996701,290,"Available recorded kernel times only, NOT complete total cost, isolated latency or an accuracy estimate.",arm-15/two_step
NEX326-methods:arm-16/full,"{""success"":290}",290,"{""counters"":{""feature_query_rows"":{""missing_forecasts"":0,""recorded_counts_by_status"":{""success"":290},""recorded_forecasts"":290,""row_total"":53693440},""invalid_feature_rows"":{""missing_forecasts"":0,""recorded_counts_by_status"":{""success"":290},""recorded_forecasts"":290,""row_total"":0},""raw_map_query_rows_this_forecast"":{""missing_forecasts"":290,""recorded_counts_by_status"":{},""recorded_forecasts"":0,""row_total"":null}},""counts_by_status"":{""success"":290},""expected_forecasts"":290,""invalid_counter_role"":""contractual-zero-not-map-validity"",""paired_feature_row_denominator"":53693440,""paired_invalid_counter_forecasts"":290,""paired_invalid_counter_missing_forecasts"":0,""paired_invalid_counts_by_status"":{""success"":290},""paired_invalid_row_numerator"":0,""recorded_selected_feature_invalid_fraction"":null,""scope"":""All registered origin modes, seeds and terminal statuses retained; sums over recorded particle-integration rows only, not unique locations, full-cohort validity, per-column map rates or robustness.""}",[],NEX326-methods,0,0.7890553627594711,228.82605520024663,290,"Available recorded kernel times only, NOT complete total cost, isolated latency or an accuracy estimate.",arm-16/full
NEX326-methods:arm-18/full,"{""success"":290}",290,"{""counters"":{""feature_query_rows"":{""missing_forecasts"":0,""recorded_counts_by_status"":{""success"":290},""recorded_forecasts"":290,""row_total"":53693440},""invalid_feature_rows"":{""missing_forecasts"":0,""recorded_counts_by_status"":{""success"":290},""recorded_forecasts"":290,""row_total"":0},""raw_map_query_rows_this_forecast"":{""missing_forecasts"":290,""recorded_counts_by_status"":{},""recorded_forecasts"":0,""row_total"":null}},""counts_by_status"":{""success"":290},""expected_forecasts"":290,""invalid_counter_role"":""contractual-zero-not-map-validity"",""paired_feature_row_denominator"":53693440,""paired_invalid_counter_forecasts"":290,""paired_invalid_counter_missing_forecasts"":0,""paired_invalid_counts_by_status"":{""success"":290},""paired_invalid_row_numerator"":0,""recorded_selected_feature_invalid_fraction"":null,""scope"":""All registered origin modes, seeds and terminal statuses retained; sums over recorded particle-integration rows only, not unique locations, full-cohort validity, per-column map rates or robustness.""}",[],NEX326-methods,0,0.7884407262073966,228.64781060014502,290,"Available recorded kernel times only, NOT complete total cost, isolated latency or an accuracy estimate.",arm-18/full
NEX326-methods:arm-19/em,"{""success"":290}",290,"{""counters"":{""feature_query_rows"":{""missing_forecasts"":0,""recorded_counts_by_status"":{""success"":290},""recorded_forecasts"":290,""row_total"":53693440},""invalid_feature_rows"":{""missing_forecasts"":0,""recorded_counts_by_status"":{""success"":290},""recorded_forecasts"":290,""row_total"":0},""raw_map_query_rows_this_forecast"":{""missing_forecasts"":290,""recorded_counts_by_status"":{},""recorded_forecasts"":0,""row_total"":null}},""counts_by_status"":{""success"":290},""expected_forecasts"":290,""invalid_counter_role"":""contractual-zero-not-map-validity"",""paired_feature_row_denominator"":53693440,""paired_invalid_counter_forecasts"":290,""paired_invalid_counter_missing_forecasts"":0,""paired_invalid_counts_by_status"":{""success"":290},""paired_invalid_row_numerator"":0,""recorded_selected_feature_invalid_fraction"":null,""scope"":""All registered origin modes, seeds and terminal statuses retained; sums over recorded particle-integration rows only, not unique locations, full-cohort validity, per-column map rates or robustness.""}",[],NEX326-methods,0,0.7911034531036295,229.42000140005257,290,"Available recorded kernel times only, NOT complete total cost, isolated latency or an accuracy estimate.",arm-19/em
NEX326-methods:arm-19/euler,"{""success"":290}",290,"{""counters"":{""feature_query_rows"":{""missing_forecasts"":0,""recorded_counts_by_status"":{""success"":290},""recorded_forecasts"":290,""row_total"":53693440},""invalid_feature_rows"":{""missing_forecasts"":0,""recorded_counts_by_status"":{""success"":290},""recorded_forecasts"":290,""row_total"":0},""raw_map_query_rows_this_forecast"":{""missing_forecasts"":290,""recorded_counts_by_status"":{},""recorded_forecasts"":0,""row_total"":null}},""counts_by_status"":{""success"":290},""expected_forecasts"":290,""invalid_counter_role"":""contractual-zero-not-map-validity"",""paired_feature_row_denominator"":53693440,""paired_invalid_counter_forecasts"":290,""paired_invalid_counter_missing_forecasts"":0,""paired_invalid_counts_by_status"":{""success"":290},""paired_invalid_row_numerator"":0,""recorded_selected_feature_invalid_fraction"":null,""scope"":""All registered origin modes, seeds and terminal statuses retained; sums over recorded particle-integration rows only, not unique locations, full-cohort validity, per-column map rates or robustness.""}",[],NEX326-methods,0,0.7708905993101733,223.55827379995026,290,"Available recorded kernel times only, NOT complete total cost, isolated latency or an accuracy estimate.",arm-19/euler
NEX326-methods:arm-20/full,"{""success"":290}",290,"{""counters"":{""feature_query_rows"":{""missing_forecasts"":0,""recorded_counts_by_status"":{""success"":290},""recorded_forecasts"":290,""row_total"":53693440},""invalid_feature_rows"":{""missing_forecasts"":0,""recorded_counts_by_status"":{""success"":290},""recorded_forecasts"":290,""row_total"":0},""raw_map_query_rows_this_forecast"":{""missing_forecasts"":290,""recorded_counts_by_status"":{},""recorded_forecasts"":0,""row_total"":null}},""counts_by_status"":{""success"":290},""expected_forecasts"":290,""invalid_counter_role"":""contractual-zero-not-map-validity"",""paired_feature_row_denominator"":53693440,""paired_invalid_counter_forecasts"":290,""paired_invalid_counter_missing_forecasts"":0,""paired_invalid_counts_by_status"":{""success"":290},""paired_invalid_row_numerator"":0,""recorded_selected_feature_invalid_fraction"":null,""scope"":""All registered origin modes, seeds and terminal statuses retained; sums over recorded particle-integration rows only, not unique locations, full-cohort validity, per-column map rates or robustness.""}",[],NEX326-methods,0,0.783559035516047,227.23212029965362,290,"Available recorded kernel times only, NOT complete total cost, isolated latency or an accuracy estimate.",arm-20/full
NEX326-methods:arm-21/crn,"{""success"":290}",290,"{""counters"":{""feature_query_rows"":{""missing_forecasts"":0,""recorded_counts_by_status"":{""success"":290},""recorded_forecasts"":290,""row_total"":53693440},""invalid_feature_rows"":{""missing_forecasts"":0,""recorded_counts_by_status"":{""success"":290},""recorded_forecasts"":290,""row_total"":0},""raw_map_query_rows_this_forecast"":{""missing_forecasts"":290,""recorded_counts_by_status"":{},""recorded_forecasts"":0,""row_total"":null}},""counts_by_status"":{""success"":290},""expected_forecasts"":290,""invalid_counter_role"":""contractual-zero-not-map-validity"",""paired_feature_row_denominator"":53693440,""paired_invalid_counter_forecasts"":290,""paired_invalid_counter_missing_forecasts"":0,""paired_invalid_counts_by_status"":{""success"":290},""paired_invalid_row_numerator"":0,""recorded_selected_feature_invalid_fraction"":null,""scope"":""All registered origin modes, seeds and terminal statuses retained; sums over recorded particle-integration rows only, not unique locations, full-cohort validity, per-column map rates or robustness.""}",[3],NEX326-methods,0,0.6541020344825389,189.6895899999363,290,"Available recorded kernel times only, NOT complete total cost, isolated latency or an accuracy estimate.",arm-21/crn
NEX326-methods:arm-21/mc,"{""success"":290}",290,"{""counters"":{""feature_query_rows"":{""missing_forecasts"":0,""recorded_counts_by_status"":{""success"":290},""recorded_forecasts"":290,""row_total"":53693440},""invalid_feature_rows"":{""missing_forecasts"":0,""recorded_counts_by_status"":{""success"":290},""recorded_forecasts"":290,""row_total"":0},""raw_map_query_rows_this_forecast"":{""missing_forecasts"":290,""recorded_counts_by_status"":{},""recorded_forecasts"":0,""row_total"":null}},""counts_by_status"":{""success"":290},""expected_forecasts"":290,""invalid_counter_role"":""contractual-zero-not-map-validity"",""paired_feature_row_denominator"":53693440,""paired_invalid_counter_forecasts"":290,""paired_invalid_counter_missing_forecasts"":0,""paired_invalid_counts_by_status"":{""success"":290},""paired_invalid_row_numerator"":0,""recorded_selected_feature_invalid_fraction"":null,""scope"":""All registered origin modes, seeds and terminal statuses retained; sums over recorded particle-integration rows only, not unique locations, full-cohort validity, per-column map rates or robustness.""}",[4],NEX326-methods,0,0.6529229086213585,189.34764350019395,290,"Available recorded kernel times only, NOT complete total cost, isolated latency or an accuracy estimate.",arm-21/mc
terrain:all-terrain,"{""failed"":1,""success"":289}",290,"{""counters"":{""feature_query_rows"":{""missing_forecasts"":1,""recorded_counts_by_status"":{""success"":289},""recorded_forecasts"":289,""row_total"":53507584},""invalid_feature_rows"":{""missing_forecasts"":1,""recorded_counts_by_status"":{""success"":289},""recorded_forecasts"":289,""row_total"":23016},""raw_map_query_rows_this_forecast"":{""missing_forecasts"":1,""recorded_counts_by_status"":{""success"":289},""recorded_forecasts"":289,""row_total"":53507584}},""counts_by_status"":{""failed"":1,""success"":289},""expected_forecasts"":290,""invalid_counter_role"":""selected-history-and-map-union"",""paired_feature_row_denominator"":53507584,""paired_invalid_counter_forecasts"":289,""paired_invalid_counter_missing_forecasts"":1,""paired_invalid_counts_by_status"":{""success"":289},""paired_invalid_row_numerator"":23016,""recorded_selected_feature_invalid_fraction"":0.00043014463146009356,""scope"":""All registered origin modes, seeds and terminal statuses retained; sums over recorded particle-integration rows only, not unique locations, full-cohort validity, per-column map rates or robustness.""}",[5],terrain,1,183.06382314013734,52905.444887499696,289,"Available recorded kernel times only, NOT complete total cost, isolated latency or an accuracy estimate.",all-terrain
terrain:base,"{""success"":290}",290,"{""counters"":{""feature_query_rows"":{""missing_forecasts"":0,""recorded_counts_by_status"":{""success"":290},""recorded_forecasts"":290,""row_total"":53693440},""invalid_feature_rows"":{""missing_forecasts"":0,""recorded_counts_by_status"":{""success"":290},""recorded_forecasts"":290,""row_total"":0},""raw_map_query_rows_this_forecast"":{""missing_forecasts"":0,""recorded_counts_by_status"":{""success"":290},""recorded_forecasts"":290,""row_total"":0}},""counts_by_status"":{""success"":290},""expected_forecasts"":290,""invalid_counter_role"":""selected-history-and-map-union"",""paired_feature_row_denominator"":53693440,""paired_invalid_counter_forecasts"":290,""paired_invalid_counter_missing_forecasts"":0,""paired_invalid_counts_by_status"":{""success"":290},""paired_invalid_row_numerator"":0,""recorded_selected_feature_invalid_fraction"":0.0,""scope"":""All registered origin modes, seeds and terminal statuses retained; sums over recorded particle-integration rows only, not unique locations, full-cohort validity, per-column map rates or robustness.""}",[6],terrain,0,3.8758910306916534,1124.0083989005796,290,"Available recorded kernel times only, NOT complete total cost, isolated latency or an accuracy estimate.",base
terrain:lio-river,"{""failed"":1,""success"":289}",290,"{""counters"":{""feature_query_rows"":{""missing_forecasts"":1,""recorded_counts_by_status"":{""success"":289},""recorded_forecasts"":289,""row_total"":53508608},""invalid_feature_rows"":{""missing_forecasts"":1,""recorded_counts_by_status"":{""success"":289},""recorded_forecasts"":289,""row_total"":0},""raw_map_query_rows_this_forecast"":{""missing_forecasts"":1,""recorded_counts_by_status"":{""success"":289},""recorded_forecasts"":289,""row_total"":53508608}},""counts_by_status"":{""failed"":1,""success"":289},""expected_forecasts"":290,""invalid_counter_role"":""selected-history-and-map-union"",""paired_feature_row_denominator"":53508608,""paired_invalid_counter_forecasts"":289,""paired_invalid_counter_missing_forecasts"":1,""paired_invalid_counts_by_status"":{""success"":289},""paired_invalid_row_numerator"":0,""recorded_selected_feature_invalid_fraction"":0.0,""scope"":""All registered origin modes, seeds and terminal statuses retained; sums over recorded particle-integration rows only, not unique locations, full-cohort validity, per-column map rates or robustness.""}",[7],terrain,1,166.135441924568,48013.14271620015,289,"Available recorded kernel times only, NOT complete total cost, isolated latency or an accuracy estimate.",lio-river
terrain:lio-road,"{""failed"":1,""success"":289}",290,"{""counters"":{""feature_query_rows"":{""missing_forecasts"":1,""recorded_counts_by_status"":{""success"":289},""recorded_forecasts"":289,""row_total"":53509120},""invalid_feature_rows"":{""missing_forecasts"":1,""recorded_counts_by_status"":{""success"":289},""recorded_forecasts"":289,""row_total"":0},""raw_map_query_rows_this_forecast"":{""missing_forecasts"":1,""recorded_counts_by_status"":{""success"":289},""recorded_forecasts"":289,""row_total"":53509120}},""counts_by_status"":{""failed"":1,""success"":289},""expected_forecasts"":290,""invalid_counter_role"":""selected-history-and-map-union"",""paired_feature_row_denominator"":53509120,""paired_invalid_counter_forecasts"":289,""paired_invalid_counter_missing_forecasts"":1,""paired_invalid_counts_by_status"":{""success"":289},""paired_invalid_row_numerator"":0,""recorded_selected_feature_invalid_fraction"":0.0,""scope"":""All registered origin modes, seeds and terminal statuses retained; sums over recorded particle-integration rows only, not unique locations, full-cohort validity, per-column map rates or robustness.""}",[8],terrain,1,237.12986423045078,68530.53076260028,289,"Available recorded kernel times only, NOT complete total cost, isolated latency or an accuracy estimate.",lio-road
terrain:lio-surface,"{""success"":290}",290,"{""counters"":{""feature_query_rows"":{""missing_forecasts"":0,""recorded_counts_by_status"":{""success"":290},""recorded_forecasts"":290,""row_total"":53693440},""invalid_feature_rows"":{""missing_forecasts"":0,""recorded_counts_by_status"":{""success"":290},""recorded_forecasts"":290,""row_total"":43881},""raw_map_query_rows_this_forecast"":{""missing_forecasts"":0,""recorded_counts_by_status"":{""success"":290},""recorded_forecasts"":290,""row_total"":53693440}},""counts_by_status"":{""success"":290},""expected_forecasts"":290,""invalid_counter_role"":""selected-history-and-map-union"",""paired_feature_row_denominator"":53693440,""paired_invalid_counter_forecasts"":290,""paired_invalid_counter_missing_forecasts"":0,""paired_invalid_counts_by_status"":{""success"":290},""paired_invalid_row_numerator"":43881,""recorded_selected_feature_invalid_fraction"":0.0008172506734528464,""scope"":""All registered origin modes, seeds and terminal statuses retained; sums over recorded particle-integration rows only, not unique locations, full-cohort validity, per-column map rates or robustness.""}",[9],terrain,0,163.49684944172364,47414.086338099856,290,"Available recorded kernel times only, NOT complete total cost, isolated latency or an accuracy estimate.",lio-surface
terrain:lio-worldcover,"{""success"":290}",290,"{""counters"":{""feature_query_rows"":{""missing_forecasts"":0,""recorded_counts_by_status"":{""success"":290},""recorded_forecasts"":290,""row_total"":53693440},""invalid_feature_rows"":{""missing_forecasts"":0,""recorded_counts_by_status"":{""success"":290},""recorded_forecasts"":290,""row_total"":0},""raw_map_query_rows_this_forecast"":{""missing_forecasts"":0,""recorded_counts_by_status"":{""success"":290},""recorded_forecasts"":290,""row_total"":53693440}},""counts_by_status"":{""success"":290},""expected_forecasts"":290,""invalid_counter_role"":""selected-history-and-map-union"",""paired_feature_row_denominator"":53693440,""paired_invalid_counter_forecasts"":290,""paired_invalid_counter_missing_forecasts"":0,""paired_invalid_counts_by_status"":{""success"":290},""paired_invalid_row_numerator"":0,""recorded_selected_feature_invalid_fraction"":0.0,""scope"":""All registered origin modes, seeds and terminal statuses retained; sums over recorded particle-integration rows only, not unique locations, full-cohort validity, per-column map rates or robustness.""}",[10],terrain,0,235.63796837034582,68335.01082740029,290,"Available recorded kernel times only, NOT complete total cost, isolated latency or an accuracy estimate.",lio-worldcover
terrain:loo-river,"{""success"":290}",290,"{""counters"":{""feature_query_rows"":{""missing_forecasts"":0,""recorded_counts_by_status"":{""success"":290},""recorded_forecasts"":290,""row_total"":53693440},""invalid_feature_rows"":{""missing_forecasts"":0,""recorded_counts_by_status"":{""success"":290},""recorded_forecasts"":290,""row_total"":24378},""raw_map_query_rows_this_forecast"":{""missing_forecasts"":0,""recorded_counts_by_status"":{""success"":290},""recorded_forecasts"":290,""row_total"":53693440}},""counts_by_status"":{""success"":290},""expected_forecasts"":290,""invalid_counter_role"":""selected-history-and-map-union"",""paired_feature_row_denominator"":53693440,""paired_invalid_counter_forecasts"":290,""paired_invalid_counter_missing_forecasts"":0,""paired_invalid_counts_by_status"":{""success"":290},""paired_invalid_row_numerator"":24378,""recorded_selected_feature_invalid_fraction"":0.0004540219438352246,""scope"":""All registered origin modes, seeds and terminal statuses retained; sums over recorded particle-integration rows only, not unique locations, full-cohort validity, per-column map rates or robustness.""}",[11],terrain,0,167.36556430034437,48536.01364709987,290,"Available recorded kernel times only, NOT complete total cost, isolated latency or an accuracy estimate.",loo-river
terrain:loo-road,"{""success"":290}",290,"{""counters"":{""feature_query_rows"":{""missing_forecasts"":0,""recorded_counts_by_status"":{""success"":290},""recorded_forecasts"":290,""row_total"":53693440},""invalid_feature_rows"":{""missing_forecasts"":0,""recorded_counts_by_status"":{""success"":290},""recorded_forecasts"":290,""row_total"":25706},""raw_map_query_rows_this_forecast"":{""missing_forecasts"":0,""recorded_counts_by_status"":{""success"":290},""recorded_forecasts"":290,""row_total"":53693440}},""counts_by_status"":{""success"":290},""expected_forecasts"":290,""invalid_counter_role"":""selected-history-and-map-union"",""paired_feature_row_denominator"":53693440,""paired_invalid_counter_forecasts"":290,""paired_invalid_counter_missing_forecasts"":0,""paired_invalid_counts_by_status"":{""success"":290},""paired_invalid_row_numerator"":25706,""recorded_selected_feature_invalid_fraction"":0.00047875494660055306,""scope"":""All registered origin modes, seeds and terminal statuses retained; sums over recorded particle-integration rows only, not unique locations, full-cohort validity, per-column map rates or robustness.""}",[12],terrain,0,199.56760320241358,57874.60492869994,290,"Available recorded kernel times only, NOT complete total cost, isolated latency or an accuracy estimate.",loo-road
terrain:loo-surface,"{""success"":290}",290,"{""counters"":{""feature_query_rows"":{""missing_forecasts"":0,""recorded_counts_by_status"":{""success"":290},""recorded_forecasts"":290,""row_total"":53693440},""invalid_feature_rows"":{""missing_forecasts"":0,""recorded_counts_by_status"":{""success"":290},""recorded_forecasts"":290,""row_total"":0},""raw_map_query_rows_this_forecast"":{""missing_forecasts"":0,""recorded_counts_by_status"":{""success"":290},""recorded_forecasts"":290,""row_total"":53693440}},""counts_by_status"":{""success"":290},""expected_forecasts"":290,""invalid_counter_role"":""selected-history-and-map-union"",""paired_feature_row_denominator"":53693440,""paired_invalid_counter_forecasts"":290,""paired_invalid_counter_missing_forecasts"":0,""paired_invalid_counts_by_status"":{""success"":290},""paired_invalid_row_numerator"":0,""recorded_selected_feature_invalid_fraction"":0.0,""scope"":""All registered origin modes, seeds and terminal statuses retained; sums over recorded particle-integration rows only, not unique locations, full-cohort validity, per-column map rates or robustness.""}",[13],terrain,0,172.74517656517133,50096.101203899685,290,"Available recorded kernel times only, NOT complete total cost, isolated latency or an accuracy estimate.",loo-surface
terrain:loo-worldcover,"{""success"":290}",290,"{""counters"":{""feature_query_rows"":{""missing_forecasts"":0,""recorded_counts_by_status"":{""success"":290},""recorded_forecasts"":290,""row_total"":53693440},""invalid_feature_rows"":{""missing_forecasts"":0,""recorded_counts_by_status"":{""success"":290},""recorded_forecasts"":290,""row_total"":26469},""raw_map_query_rows_this_forecast"":{""missing_forecasts"":0,""recorded_counts_by_status"":{""success"":290},""recorded_forecasts"":290,""row_total"":53693440}},""counts_by_status"":{""success"":290},""expected_forecasts"":290,""invalid_counter_role"":""selected-history-and-map-union"",""paired_feature_row_denominator"":53693440,""paired_invalid_counter_forecasts"":290,""paired_invalid_counter_missing_forecasts"":0,""paired_invalid_counts_by_status"":{""success"":290},""paired_invalid_row_numerator"":26469,""recorded_selected_feature_invalid_fraction"":0.0004929652486411748,""scope"":""All registered origin modes, seeds and terminal statuses retained; sums over recorded particle-integration rows only, not unique locations, full-cohort validity, per-column map rates or robustness.""}",[14],terrain,0,197.2199403062067,57193.78268879994,290,"Available recorded kernel times only, NOT complete total cost, isolated latency or an accuracy estimate.",loo-worldcover
