origin_mode,available_count,definition_sha256,expected_count,operator,passed,rows_sha256,slot_id,source_scope,statistic,status,threshold,units,value
causal_prefix,1,04aa50962ea6d895e574a8002c54c6621e737bccd2fdd23e10c8c4b767f12d72,1,ge,True,73cec1cc7ed9755553c35af21ae94eced3f9100fab23fe4aa00a0c6472af1b1f,arm-01/full,Audited numeric summary; raw source replay is separate.,mode_entropy,computed,0.01,nats,1.0985897996842116
causal_prefix,1,122fa750c300aace0edead6f61ec97deeb2a0175a9b59dd4ab46af5032511bbc,1,ge,True,620a13342964c75f3b82ad761b5b34c029ce26ad001e7487298b0ccf9b081ab5,arm-02/pointwise,Audited numeric summary; raw source replay is separate.,mode_switch_rate,computed,0.01,probability_per_mode_redraw,0.6666516976242532
causal_prefix,1,73f7e02d06af3c0f7dbfbcb31f63a69a4efbd640c7f33fe94f77fa2c702e69fc,1,ge,True,dfcf945a7892d74942092c63c5c60e6c91059bba290810633e79be0c3c30b0be,arm-03/single_gaussian,Audited numeric summary; raw source replay is separate.,covariance_min_eigenvalue,computed,1e-10,m^2/s^2,0.7588092783498886
causal_prefix,1,217b4a626e4a85b6dfdf687b59159d26080bce94aba24704808f738564ca7579,1,ge,True,50266be4faeae82e99e38206207a71dadc59dd1a5ad5797a208c22add291fb1d,arm-04/gmm_kernel,Audited numeric summary; raw source replay is separate.,component_separation,computed,0.01,m/s,1.946317098983737
causal_prefix,1,80d45c98f67c3e025a457f95980d757843de8a7cc46742d0d979c85c9fd5b8a9,1,ge,True,129551f7849b588b40630d14195ab94c7a9e5a20b7994ac7fb88254476751457,arm-05/explicit_decomp,Audited numeric summary; raw source replay is separate.,decomposition_coefficient_norm,computed,1e-08,heterogeneous_coefficient_norm,0.701334528169523
causal_prefix,1,7f3033cad7c79829b4ac0726e407f7769a6a5fa174aafb612f10bafebbfc044a,1,ge,True,86701a04c324278824ee947445a543374c303614bc0c255ad59a6b39072914fa,arm-06/dt120,Audited numeric summary; raw source replay is separate.,effective_mode_count,computed,1.0,modes,3.0
causal_prefix,1,09035effdcd9de6a76d1d0805a8984c51e45d09504111ed8e6d5908c2f661f28,1,ge,True,83e068c658ab76c02d95799e7e547fcdd0e4132eb7bc2a46f1d4939b3a816914,arm-06/dt30,Audited numeric summary; raw source replay is separate.,effective_mode_count,computed,1.0,modes,3.0
causal_prefix,1,ebc2967ec7c8f3b45fbfd006b5002889ec5485b0a3e4a6d5b097530a83907af5,1,ge,True,a3698bb8f36032f9b0c099bd89bcf755fc1c46944cc88eddbd2e98cb10298d04,arm-06/dt300,Audited numeric summary; raw source replay is separate.,effective_mode_count,computed,1.0,modes,3.0
causal_prefix,1,bf6188df34b573160b7a32885c03b865f655648ac64d6141d9b1b8b734224c86,1,ge,True,c04254fc6722173d4868f2f48afa5b70b04efd921e4492397b87cd970748d700,arm-06/dt60,Audited numeric summary; raw source replay is separate.,effective_mode_count,computed,1.0,modes,3.0
causal_prefix,1,da27b7f2d9e45c545e1c339a84806574cc9fac891ad189cb2ae75d1502e46ed3,1,ge,True,0497356b144d53562ef877a2674eca036a24285ae4dfeac0199445d91f4adb64,arm-06/dt600,Audited numeric summary; raw source replay is separate.,effective_mode_count,computed,1.0,modes,3.0
causal_prefix,1,c46b9afc548f6f0578c27918c7ac7fc254bbd0fbf393844e564204b30f0167e9,1,ge,True,658b1233d86c539ca08379771fc29ae12e46b1f1a342589d036ee0ed760aeb92,arm-07/full,Audited numeric summary; raw source replay is separate.,validation_energy_improvement,computed,-1e-12,m/s,0.0
causal_prefix,1,3d1427e402b2d8ca9fec0d9c04ae31ba8e98b9bfd7a01af8d21ff3a5c89abc1d,1,ge,True,bdc7724c0aba3eca8c5a59c5d96431de496658f67017db3204b9640666878e12,arm-08/qmle,Audited numeric summary; raw source replay is separate.,mean_log_likelihood,computed,-1000000.0,log_density_of_velocity_rate,-2.4533853204840232
causal_prefix,1,dd0bc08b10864a40465b10ce16bbd09bbb0355959df8ae6ad6677033a7cb92e1,1,ge,True,a8274d8d363312706d55c9a3ef75cb620139c2ca76251233430856883b1432a4,arm-09/mixed,Audited numeric summary; raw source replay is separate.,objective_improvement,computed,-1e-12,dimensionless_normalized_objective,0.011475283273037262
causal_prefix,1,1c5166050d0ebbf56eebb9dfba65637ff655aa41c9c0a528d63b3236868c3abc,1,ge,True,523d04c7773527c1006dcc7af86040987b7bfbdd8d5f9e02d087e8d755b35ae6,arm-09/pure_es,Audited numeric summary; raw source replay is separate.,objective_improvement,computed,-1e-12,m/s,0.010279319371427564
causal_prefix,230,351e3e2b9cea87fee8a5505027bb3e6ac0ed970587f98ffd2e58ccf10d63d10a,230,le,True,40579b2d6cf8d01137261029ced77dfcd08604478f02539f71154aa1e0632f44,arm-10/d2_closed,Audited numeric summary; raw source replay is separate.,closed_mc_relative_error,computed,0.2,relative_error,0.19368532697679447
causal_prefix,230,2e432979452fde4f40f5f2926f23fc1c27ee9e7fb4ba5f270e03bec45660b0bd,230,le,True,c7f5934dbc0f6634d1e401268d3840df3d7efa1eecaecda856b7649c89ec4af2,arm-10/d2_mc,Audited numeric summary; raw source replay is separate.,closed_mc_relative_error,computed,0.2,relative_error,0.19368532697679447
causal_prefix,1,848e1e6478491c14115638c71132e8159f213edff555a2ec67f2a715294627ba,1,ge,True,75fdbf375ec54f7838f76380d7e2247b3bdb671ff43b2ee3aedfc51d98843c1a,arm-11/full,Audited numeric summary; raw source replay is separate.,adaptation_parameter_delta,computed,1e-10,heterogeneous_coefficient_norm,0.23937385308342138
causal_prefix,1,4c042e6b2c6be4dcc5e7d92b39520a70a5ba13c60c167517feffb48de68a2143,1,ge,True,3cd285bfd457ba43f12955716378a25b3e79ca90dc64a018977b7056d8369f76,arm-12/scratch,Audited numeric summary; raw source replay is separate.,adaptation_sample_count,computed,1.0,training_transitions,5762.0
causal_prefix,1,fccca40fe29b2894114e0fd6af68569407afa2c9a589ec0e8d5f7858d925ccab,1,ge,True,967166180f95920d0d6f66a42196fa0d37932738d419c0fe0474083b36d610c8,arm-14/reptile,Audited numeric summary; raw source replay is separate.,meta_task_count,computed,2.0,training_regions,30.0
causal_prefix,1,73774272d2bb993ac7ea582bd6de3b4396307c1df01a2978a024268a5f1848ff,1,ge,True,05e23de0a5d2547bfea37ab48339db4af478eaf30fb70ac178f4d1fe8ef41255,arm-15/drift_only,Audited numeric summary; raw source replay is separate.,adaptation_parameter_delta,computed,1e-10,heterogeneous_coefficient_norm,0.23937385308342138
causal_prefix,1,fc7d9b15d646bbf121bc822aa238e75e7f0e010222008e1a9eaa9eeeb33572fa,1,ge,True,1d64063a5dfc0492516b1708afa759e73212470afacd98174af49968e51092ec,arm-15/two_step,Audited numeric summary; raw source replay is separate.,adaptation_parameter_delta,computed,1e-10,heterogeneous_coefficient_norm,0.23937385308342138
causal_prefix,1,ba1aebe2c6962074f7a968b53b7bcc71f270c512f890eebd010e112dc199f7c7,1,ge,True,547e6e1ae5284b9176c1ee7ea5a88775728a6ebe080de6cbafb4182c8b89c3fd,arm-16/full,Audited numeric summary; raw source replay is separate.,condition_coefficient_norm,computed,1e-10,heterogeneous_coefficient_norm,0.011705841789289847
causal_prefix,230,db9218fdcd3981305c50704b49bf088f25ebc0bc52872ad6651d388b605c11be,230,le,True,da908ca3c3aca8f7456d154e42542e77449eca05fb4f9fa24f2fa52eba5ae2f7,arm-18/full,Audited numeric summary; raw source replay is separate.,split_exact_error,computed,2.0,m,2.187948929134796e-05
causal_prefix,230,d5901aa0485af10f72dd851a46d58a7476517d85f87781e95c7178ca38eb7f1c,230,ge,True,4501838c9d5549e0903146014649f3d8c342b3d128eb442d1c5b0025caa7a6ba,arm-19/em,Audited numeric summary; raw source replay is separate.,euler_discretization_error,computed,0.0,m,0.23681812324308182
causal_prefix,230,7afce774509c08e866462d5227e6b873165da92d63195ae7ccc301c591e87138,230,ge,True,93ae2aaa309c881f0f674ebf9c446791bba54a2c715e97fb95d5ec0ed32f9ba4,arm-19/euler,Audited numeric summary; raw source replay is separate.,euler_discretization_error,computed,0.0,m,0.23681812324308182
causal_prefix,1,273231a28a58c89d6fcf99124d79354fe71d72a54598f9db982319d0541fd70c,1,le,True,4d253ac2f8cc44424eb5df7eaabc7ae5b8064e578a06d2f06f6f4cbc6df96dff,arm-20/full,Audited numeric summary; raw source replay is separate.,density_mass_error,computed,1e-08,probability,0.0
causal_prefix,1,013ce041b07b229350092e145f528dfe85eb56ccdc09e975f163439bd61979ac,1,ge,True,298186797f026f4b6d3a604762d03d4ef5378cea12bee92196aa0c048ae5a7c0,arm-21/crn,Audited numeric summary; raw source replay is separate.,variance_reduction_factor,computed,1.0,variance_ratio,8769043462.4522
causal_prefix,1,b5fc2229bbc15a2f4f585f255a2e5abdf2bda817b1aba7ac7df0fdfbc316a529,1,ge,True,0bb8c7e88c5b0f378fb10cfe2823c83178a13f2a854fd4aa1e2cffffb7199bdf,arm-21/mc,Audited numeric summary; raw source replay is separate.,variance_reduction_factor,computed,1.0,variance_ratio,8769043462.4522
known_velocity,1,04aa50962ea6d895e574a8002c54c6621e737bccd2fdd23e10c8c4b767f12d72,1,ge,True,73cec1cc7ed9755553c35af21ae94eced3f9100fab23fe4aa00a0c6472af1b1f,arm-01/full,Audited numeric summary; raw source replay is separate.,mode_entropy,computed,0.01,nats,1.0985897996842116
known_velocity,1,122fa750c300aace0edead6f61ec97deeb2a0175a9b59dd4ab46af5032511bbc,1,ge,True,620a13342964c75f3b82ad761b5b34c029ce26ad001e7487298b0ccf9b081ab5,arm-02/pointwise,Audited numeric summary; raw source replay is separate.,mode_switch_rate,computed,0.01,probability_per_mode_redraw,0.6666516976242532
known_velocity,1,73f7e02d06af3c0f7dbfbcb31f63a69a4efbd640c7f33fe94f77fa2c702e69fc,1,ge,True,dfcf945a7892d74942092c63c5c60e6c91059bba290810633e79be0c3c30b0be,arm-03/single_gaussian,Audited numeric summary; raw source replay is separate.,covariance_min_eigenvalue,computed,1e-10,m^2/s^2,0.7588092783498886
known_velocity,1,217b4a626e4a85b6dfdf687b59159d26080bce94aba24704808f738564ca7579,1,ge,True,50266be4faeae82e99e38206207a71dadc59dd1a5ad5797a208c22add291fb1d,arm-04/gmm_kernel,Audited numeric summary; raw source replay is separate.,component_separation,computed,0.01,m/s,1.946317098983737
known_velocity,1,80d45c98f67c3e025a457f95980d757843de8a7cc46742d0d979c85c9fd5b8a9,1,ge,True,129551f7849b588b40630d14195ab94c7a9e5a20b7994ac7fb88254476751457,arm-05/explicit_decomp,Audited numeric summary; raw source replay is separate.,decomposition_coefficient_norm,computed,1e-08,heterogeneous_coefficient_norm,0.701334528169523
known_velocity,1,7f3033cad7c79829b4ac0726e407f7769a6a5fa174aafb612f10bafebbfc044a,1,ge,True,86701a04c324278824ee947445a543374c303614bc0c255ad59a6b39072914fa,arm-06/dt120,Audited numeric summary; raw source replay is separate.,effective_mode_count,computed,1.0,modes,3.0
known_velocity,1,09035effdcd9de6a76d1d0805a8984c51e45d09504111ed8e6d5908c2f661f28,1,ge,True,83e068c658ab76c02d95799e7e547fcdd0e4132eb7bc2a46f1d4939b3a816914,arm-06/dt30,Audited numeric summary; raw source replay is separate.,effective_mode_count,computed,1.0,modes,3.0
known_velocity,1,ebc2967ec7c8f3b45fbfd006b5002889ec5485b0a3e4a6d5b097530a83907af5,1,ge,True,a3698bb8f36032f9b0c099bd89bcf755fc1c46944cc88eddbd2e98cb10298d04,arm-06/dt300,Audited numeric summary; raw source replay is separate.,effective_mode_count,computed,1.0,modes,3.0
known_velocity,1,bf6188df34b573160b7a32885c03b865f655648ac64d6141d9b1b8b734224c86,1,ge,True,c04254fc6722173d4868f2f48afa5b70b04efd921e4492397b87cd970748d700,arm-06/dt60,Audited numeric summary; raw source replay is separate.,effective_mode_count,computed,1.0,modes,3.0
known_velocity,1,da27b7f2d9e45c545e1c339a84806574cc9fac891ad189cb2ae75d1502e46ed3,1,ge,True,0497356b144d53562ef877a2674eca036a24285ae4dfeac0199445d91f4adb64,arm-06/dt600,Audited numeric summary; raw source replay is separate.,effective_mode_count,computed,1.0,modes,3.0
known_velocity,1,c46b9afc548f6f0578c27918c7ac7fc254bbd0fbf393844e564204b30f0167e9,1,ge,True,658b1233d86c539ca08379771fc29ae12e46b1f1a342589d036ee0ed760aeb92,arm-07/full,Audited numeric summary; raw source replay is separate.,validation_energy_improvement,computed,-1e-12,m/s,0.0
known_velocity,1,3d1427e402b2d8ca9fec0d9c04ae31ba8e98b9bfd7a01af8d21ff3a5c89abc1d,1,ge,True,bdc7724c0aba3eca8c5a59c5d96431de496658f67017db3204b9640666878e12,arm-08/qmle,Audited numeric summary; raw source replay is separate.,mean_log_likelihood,computed,-1000000.0,log_density_of_velocity_rate,-2.4533853204840232
known_velocity,1,dd0bc08b10864a40465b10ce16bbd09bbb0355959df8ae6ad6677033a7cb92e1,1,ge,True,a8274d8d363312706d55c9a3ef75cb620139c2ca76251233430856883b1432a4,arm-09/mixed,Audited numeric summary; raw source replay is separate.,objective_improvement,computed,-1e-12,dimensionless_normalized_objective,0.011475283273037262
known_velocity,1,1c5166050d0ebbf56eebb9dfba65637ff655aa41c9c0a528d63b3236868c3abc,1,ge,True,523d04c7773527c1006dcc7af86040987b7bfbdd8d5f9e02d087e8d755b35ae6,arm-09/pure_es,Audited numeric summary; raw source replay is separate.,objective_improvement,computed,-1e-12,m/s,0.010279319371427564
known_velocity,30,351e3e2b9cea87fee8a5505027bb3e6ac0ed970587f98ffd2e58ccf10d63d10a,30,le,True,4a7c56f7c1be81dd820203ba3a436586e99457df6a045c008da197a46834269e,arm-10/d2_closed,Audited numeric summary; raw source replay is separate.,closed_mc_relative_error,computed,0.2,relative_error,0.13987951040803262
known_velocity,30,2e432979452fde4f40f5f2926f23fc1c27ee9e7fb4ba5f270e03bec45660b0bd,30,le,True,7a6e881059aaafbf6d4c98dbed97e77a5365893092ef9f4478658216c8fa322d,arm-10/d2_mc,Audited numeric summary; raw source replay is separate.,closed_mc_relative_error,computed,0.2,relative_error,0.13987951040803262
known_velocity,1,848e1e6478491c14115638c71132e8159f213edff555a2ec67f2a715294627ba,1,ge,True,75fdbf375ec54f7838f76380d7e2247b3bdb671ff43b2ee3aedfc51d98843c1a,arm-11/full,Audited numeric summary; raw source replay is separate.,adaptation_parameter_delta,computed,1e-10,heterogeneous_coefficient_norm,0.23937385308342138
known_velocity,1,4c042e6b2c6be4dcc5e7d92b39520a70a5ba13c60c167517feffb48de68a2143,1,ge,True,3cd285bfd457ba43f12955716378a25b3e79ca90dc64a018977b7056d8369f76,arm-12/scratch,Audited numeric summary; raw source replay is separate.,adaptation_sample_count,computed,1.0,training_transitions,5762.0
known_velocity,1,fccca40fe29b2894114e0fd6af68569407afa2c9a589ec0e8d5f7858d925ccab,1,ge,True,967166180f95920d0d6f66a42196fa0d37932738d419c0fe0474083b36d610c8,arm-14/reptile,Audited numeric summary; raw source replay is separate.,meta_task_count,computed,2.0,training_regions,30.0
known_velocity,1,73774272d2bb993ac7ea582bd6de3b4396307c1df01a2978a024268a5f1848ff,1,ge,True,05e23de0a5d2547bfea37ab48339db4af478eaf30fb70ac178f4d1fe8ef41255,arm-15/drift_only,Audited numeric summary; raw source replay is separate.,adaptation_parameter_delta,computed,1e-10,heterogeneous_coefficient_norm,0.23937385308342138
known_velocity,1,fc7d9b15d646bbf121bc822aa238e75e7f0e010222008e1a9eaa9eeeb33572fa,1,ge,True,1d64063a5dfc0492516b1708afa759e73212470afacd98174af49968e51092ec,arm-15/two_step,Audited numeric summary; raw source replay is separate.,adaptation_parameter_delta,computed,1e-10,heterogeneous_coefficient_norm,0.23937385308342138
known_velocity,1,ba1aebe2c6962074f7a968b53b7bcc71f270c512f890eebd010e112dc199f7c7,1,ge,True,547e6e1ae5284b9176c1ee7ea5a88775728a6ebe080de6cbafb4182c8b89c3fd,arm-16/full,Audited numeric summary; raw source replay is separate.,condition_coefficient_norm,computed,1e-10,heterogeneous_coefficient_norm,0.011705841789289847
known_velocity,30,db9218fdcd3981305c50704b49bf088f25ebc0bc52872ad6651d388b605c11be,30,le,True,3077e314b99a4e9e1c30b4c61c218de50e479dbf9ddf9b2ab1d954c58abd8748,arm-18/full,Audited numeric summary; raw source replay is separate.,split_exact_error,computed,2.0,m,2.1565740528189517e-05
known_velocity,30,d5901aa0485af10f72dd851a46d58a7476517d85f87781e95c7178ca38eb7f1c,30,ge,True,3fa9a2cc8ef88786f760000ce74f0170e20809b1be99224f447b9b5bce9499d7,arm-19/em,Audited numeric summary; raw source replay is separate.,euler_discretization_error,computed,0.0,m,0.23165481619295447
known_velocity,30,7afce774509c08e866462d5227e6b873165da92d63195ae7ccc301c591e87138,30,ge,True,52e4e8f4388c9b595dbd0de2c85455f457420b4ff04e6ca6b2315c49cec28f4a,arm-19/euler,Audited numeric summary; raw source replay is separate.,euler_discretization_error,computed,0.0,m,0.23165481619295447
known_velocity,1,273231a28a58c89d6fcf99124d79354fe71d72a54598f9db982319d0541fd70c,1,le,True,4d253ac2f8cc44424eb5df7eaabc7ae5b8064e578a06d2f06f6f4cbc6df96dff,arm-20/full,Audited numeric summary; raw source replay is separate.,density_mass_error,computed,1e-08,probability,0.0
known_velocity,1,013ce041b07b229350092e145f528dfe85eb56ccdc09e975f163439bd61979ac,1,ge,True,ffbe31ee6e8d456a138c012d34ce5a6d4c20c8a2be889b70cd76175aa1773399,arm-21/crn,Audited numeric summary; raw source replay is separate.,variance_reduction_factor,computed,1.0,variance_ratio,11767041031.152756
known_velocity,1,b5fc2229bbc15a2f4f585f255a2e5abdf2bda817b1aba7ac7df0fdfbc316a529,1,ge,True,c6ad943e41e20aa3bf3c5566c4ba78aceb5dfbf14bd54e07efd8463121eb1fbf,arm-21/mc,Audited numeric summary; raw source replay is separate.,variance_reduction_factor,computed,1.0,variance_ratio,11767041031.152756
point_only,1,04aa50962ea6d895e574a8002c54c6621e737bccd2fdd23e10c8c4b767f12d72,1,ge,True,73cec1cc7ed9755553c35af21ae94eced3f9100fab23fe4aa00a0c6472af1b1f,arm-01/full,Audited numeric summary; raw source replay is separate.,mode_entropy,computed,0.01,nats,1.0985897996842116
point_only,1,122fa750c300aace0edead6f61ec97deeb2a0175a9b59dd4ab46af5032511bbc,1,ge,True,620a13342964c75f3b82ad761b5b34c029ce26ad001e7487298b0ccf9b081ab5,arm-02/pointwise,Audited numeric summary; raw source replay is separate.,mode_switch_rate,computed,0.01,probability_per_mode_redraw,0.6666516976242532
point_only,1,73f7e02d06af3c0f7dbfbcb31f63a69a4efbd640c7f33fe94f77fa2c702e69fc,1,ge,True,dfcf945a7892d74942092c63c5c60e6c91059bba290810633e79be0c3c30b0be,arm-03/single_gaussian,Audited numeric summary; raw source replay is separate.,covariance_min_eigenvalue,computed,1e-10,m^2/s^2,0.7588092783498886
point_only,1,217b4a626e4a85b6dfdf687b59159d26080bce94aba24704808f738564ca7579,1,ge,True,50266be4faeae82e99e38206207a71dadc59dd1a5ad5797a208c22add291fb1d,arm-04/gmm_kernel,Audited numeric summary; raw source replay is separate.,component_separation,computed,0.01,m/s,1.946317098983737
point_only,1,80d45c98f67c3e025a457f95980d757843de8a7cc46742d0d979c85c9fd5b8a9,1,ge,True,129551f7849b588b40630d14195ab94c7a9e5a20b7994ac7fb88254476751457,arm-05/explicit_decomp,Audited numeric summary; raw source replay is separate.,decomposition_coefficient_norm,computed,1e-08,heterogeneous_coefficient_norm,0.701334528169523
point_only,1,7f3033cad7c79829b4ac0726e407f7769a6a5fa174aafb612f10bafebbfc044a,1,ge,True,86701a04c324278824ee947445a543374c303614bc0c255ad59a6b39072914fa,arm-06/dt120,Audited numeric summary; raw source replay is separate.,effective_mode_count,computed,1.0,modes,3.0
point_only,1,09035effdcd9de6a76d1d0805a8984c51e45d09504111ed8e6d5908c2f661f28,1,ge,True,83e068c658ab76c02d95799e7e547fcdd0e4132eb7bc2a46f1d4939b3a816914,arm-06/dt30,Audited numeric summary; raw source replay is separate.,effective_mode_count,computed,1.0,modes,3.0
point_only,1,ebc2967ec7c8f3b45fbfd006b5002889ec5485b0a3e4a6d5b097530a83907af5,1,ge,True,a3698bb8f36032f9b0c099bd89bcf755fc1c46944cc88eddbd2e98cb10298d04,arm-06/dt300,Audited numeric summary; raw source replay is separate.,effective_mode_count,computed,1.0,modes,3.0
point_only,1,bf6188df34b573160b7a32885c03b865f655648ac64d6141d9b1b8b734224c86,1,ge,True,c04254fc6722173d4868f2f48afa5b70b04efd921e4492397b87cd970748d700,arm-06/dt60,Audited numeric summary; raw source replay is separate.,effective_mode_count,computed,1.0,modes,3.0
point_only,1,da27b7f2d9e45c545e1c339a84806574cc9fac891ad189cb2ae75d1502e46ed3,1,ge,True,0497356b144d53562ef877a2674eca036a24285ae4dfeac0199445d91f4adb64,arm-06/dt600,Audited numeric summary; raw source replay is separate.,effective_mode_count,computed,1.0,modes,3.0
point_only,1,c46b9afc548f6f0578c27918c7ac7fc254bbd0fbf393844e564204b30f0167e9,1,ge,True,658b1233d86c539ca08379771fc29ae12e46b1f1a342589d036ee0ed760aeb92,arm-07/full,Audited numeric summary; raw source replay is separate.,validation_energy_improvement,computed,-1e-12,m/s,0.0
point_only,1,3d1427e402b2d8ca9fec0d9c04ae31ba8e98b9bfd7a01af8d21ff3a5c89abc1d,1,ge,True,bdc7724c0aba3eca8c5a59c5d96431de496658f67017db3204b9640666878e12,arm-08/qmle,Audited numeric summary; raw source replay is separate.,mean_log_likelihood,computed,-1000000.0,log_density_of_velocity_rate,-2.4533853204840232
point_only,1,dd0bc08b10864a40465b10ce16bbd09bbb0355959df8ae6ad6677033a7cb92e1,1,ge,True,a8274d8d363312706d55c9a3ef75cb620139c2ca76251233430856883b1432a4,arm-09/mixed,Audited numeric summary; raw source replay is separate.,objective_improvement,computed,-1e-12,dimensionless_normalized_objective,0.011475283273037262
point_only,1,1c5166050d0ebbf56eebb9dfba65637ff655aa41c9c0a528d63b3236868c3abc,1,ge,True,523d04c7773527c1006dcc7af86040987b7bfbdd8d5f9e02d087e8d755b35ae6,arm-09/pure_es,Audited numeric summary; raw source replay is separate.,objective_improvement,computed,-1e-12,m/s,0.010279319371427564
point_only,30,351e3e2b9cea87fee8a5505027bb3e6ac0ed970587f98ffd2e58ccf10d63d10a,30,le,True,e6b875a4baf57b642ad1854bb00e065b52ce4a09ffc19158c83f0972fd76c6df,arm-10/d2_closed,Audited numeric summary; raw source replay is separate.,closed_mc_relative_error,computed,0.2,relative_error,0.14563844351466307
point_only,30,2e432979452fde4f40f5f2926f23fc1c27ee9e7fb4ba5f270e03bec45660b0bd,30,le,True,0041bd9f3387eb53bfee4af8a827d47a7507c6c7591a3b554bde42b187ff8e27,arm-10/d2_mc,Audited numeric summary; raw source replay is separate.,closed_mc_relative_error,computed,0.2,relative_error,0.14563844351466307
point_only,1,848e1e6478491c14115638c71132e8159f213edff555a2ec67f2a715294627ba,1,ge,True,75fdbf375ec54f7838f76380d7e2247b3bdb671ff43b2ee3aedfc51d98843c1a,arm-11/full,Audited numeric summary; raw source replay is separate.,adaptation_parameter_delta,computed,1e-10,heterogeneous_coefficient_norm,0.23937385308342138
point_only,1,4c042e6b2c6be4dcc5e7d92b39520a70a5ba13c60c167517feffb48de68a2143,1,ge,True,3cd285bfd457ba43f12955716378a25b3e79ca90dc64a018977b7056d8369f76,arm-12/scratch,Audited numeric summary; raw source replay is separate.,adaptation_sample_count,computed,1.0,training_transitions,5762.0
point_only,1,fccca40fe29b2894114e0fd6af68569407afa2c9a589ec0e8d5f7858d925ccab,1,ge,True,967166180f95920d0d6f66a42196fa0d37932738d419c0fe0474083b36d610c8,arm-14/reptile,Audited numeric summary; raw source replay is separate.,meta_task_count,computed,2.0,training_regions,30.0
point_only,1,73774272d2bb993ac7ea582bd6de3b4396307c1df01a2978a024268a5f1848ff,1,ge,True,05e23de0a5d2547bfea37ab48339db4af478eaf30fb70ac178f4d1fe8ef41255,arm-15/drift_only,Audited numeric summary; raw source replay is separate.,adaptation_parameter_delta,computed,1e-10,heterogeneous_coefficient_norm,0.23937385308342138
point_only,1,fc7d9b15d646bbf121bc822aa238e75e7f0e010222008e1a9eaa9eeeb33572fa,1,ge,True,1d64063a5dfc0492516b1708afa759e73212470afacd98174af49968e51092ec,arm-15/two_step,Audited numeric summary; raw source replay is separate.,adaptation_parameter_delta,computed,1e-10,heterogeneous_coefficient_norm,0.23937385308342138
point_only,1,ba1aebe2c6962074f7a968b53b7bcc71f270c512f890eebd010e112dc199f7c7,1,ge,True,547e6e1ae5284b9176c1ee7ea5a88775728a6ebe080de6cbafb4182c8b89c3fd,arm-16/full,Audited numeric summary; raw source replay is separate.,condition_coefficient_norm,computed,1e-10,heterogeneous_coefficient_norm,0.011705841789289847
point_only,30,db9218fdcd3981305c50704b49bf088f25ebc0bc52872ad6651d388b605c11be,30,le,True,1813975635cadc15352092b8a9f83cfbc8793375a451a2cb9928b1e668fc2d22,arm-18/full,Audited numeric summary; raw source replay is separate.,split_exact_error,computed,2.0,m,2.1543409987982485e-05
point_only,30,d5901aa0485af10f72dd851a46d58a7476517d85f87781e95c7178ca38eb7f1c,30,ge,True,68234211d4b28ace46c79569b054bd5f14f69fded5dd90ed2629038b3ab6f96f,arm-19/em,Audited numeric summary; raw source replay is separate.,euler_discretization_error,computed,0.0,m,0.23070203307146517
point_only,30,7afce774509c08e866462d5227e6b873165da92d63195ae7ccc301c591e87138,30,ge,True,dd0931aa765a3969a280fc7beacc032308a245ce20be9e2ddbbcba80a4d78325,arm-19/euler,Audited numeric summary; raw source replay is separate.,euler_discretization_error,computed,0.0,m,0.23070203307146517
point_only,1,273231a28a58c89d6fcf99124d79354fe71d72a54598f9db982319d0541fd70c,1,le,True,4d253ac2f8cc44424eb5df7eaabc7ae5b8064e578a06d2f06f6f4cbc6df96dff,arm-20/full,Audited numeric summary; raw source replay is separate.,density_mass_error,computed,1e-08,probability,0.0
point_only,1,013ce041b07b229350092e145f528dfe85eb56ccdc09e975f163439bd61979ac,1,ge,True,122d1a8c7929e01982d3b328a83c4372df3e15ae3fb174730885e253182f3f5f,arm-21/crn,Audited numeric summary; raw source replay is separate.,variance_reduction_factor,computed,1.0,variance_ratio,13646205584.898294
point_only,1,b5fc2229bbc15a2f4f585f255a2e5abdf2bda817b1aba7ac7df0fdfbc316a529,1,ge,True,0a6c0960782ac880c6d380103d47d0f2fd7123f61b345435902affb727566dc6,arm-21/mc,Audited numeric summary; raw source replay is separate.,variance_reduction_factor,computed,1.0,variance_ratio,13646205584.898294
