card_id,slot_id,arm_id,role,disposition,exclusion_reason,comparison_reference,kernel_cost_reference,predictive_result,scientific_rejection_implied_by_exclusion
method:arm-01/full,arm-01/full,1,shared-Full-anchor,REQUIRED,,,NEX326-methods:arm-01/full,,False
method:arm-02/pointwise,arm-02/pointwise,2,predictive-contrast-candidate,REQUIRED,,"{""comparison"":""arm-02/pointwise"",""family_id"":""method-model-structure""}",NEX326-methods:arm-02/pointwise,"{""numerical_applicability"":{""combined_pilot_margin_m"":null,""epsilon_m"":10.27506475,""evidence_sha256"":""780432b174cf59f4e6a2e243b00f6a33e831c9f546ad73c52242b4db0cbf81f0"",""global_numerically_qualified"":false,""pilot_screen_supported"":false,""precision_invariant_effect_qualified"":false,""scope"":""Keep fixed-budget performance separate from resolution-invariant/model-limit claims. Three-block finite-reference evidence does not certify all final blocks, metrics or model variants."",""status"":""method_mechanism_diagnostics_not_total_numerical_bound""},""planning"":{""automatic_expansion"":false,""blocks"":46,""comparison"":""arm-02/pointwise"",""evidence_sha256"":""780432b174cf59f4e6a2e243b00f6a33e831c9f546ad73c52242b4db0cbf81f0"",""family_id"":""method-model-structure"",""origin_mode"":""causal_prefix"",""paired_block_sd_m"":18.927274310223673,""qualified"":true,""reason"":""registered_1x_SD_planning_requirement_met"",""scenarios"":[{""approximate_power"":1.0,""assumed_true_improvement_m"":82.200518,""method"":""normal_margin_crossing_planning_not_bootstrap_guarantee"",""paired_sd_m"":18.927274310223673,""practical_margin_m"":41.100259,""required_blocks_normal_approximation"":3,""sd_multiplier"":1.0,""target_power"":0.8},{""approximate_power"":0.9999994310413052,""assumed_true_improvement_m"":82.200518,""method"":""normal_margin_crossing_planning_not_bootstrap_guarantee"",""paired_sd_m"":37.854548620447346,""practical_margin_m"":41.100259,""required_blocks_normal_approximation"":10,""sd_multiplier"":2.0,""target_power"":0.8}],""scope"":""Prospective normal planning at assumed2delta, not observed post-hoc power or guaranteed bootstrap power. 2xSD is sensitivity, not a new sample target.""},""precision_invariant_verdict"":""inconclusive"",""predictive_scope"":""registered-finite-budget-predictor-performance"",""raw_statistical_verdict"":""inconclusive"",""reason"":""interval_overlaps_practical_boundary_or_not_significant"",""verdict"":""inconclusive""}",False
method:arm-03/single_gaussian,arm-03/single_gaussian,3,predictive-contrast-candidate,REQUIRED,,"{""comparison"":""arm-03/single_gaussian"",""family_id"":""method-model-structure""}",NEX326-methods:arm-03/single_gaussian,"{""numerical_applicability"":{""combined_pilot_margin_m"":null,""epsilon_m"":10.27506475,""evidence_sha256"":""780432b174cf59f4e6a2e243b00f6a33e831c9f546ad73c52242b4db0cbf81f0"",""global_numerically_qualified"":false,""pilot_screen_supported"":false,""precision_invariant_effect_qualified"":false,""scope"":""Keep fixed-budget performance separate from resolution-invariant/model-limit claims. Three-block finite-reference evidence does not certify all final blocks, metrics or model variants."",""status"":""method_mechanism_diagnostics_not_total_numerical_bound""},""planning"":{""automatic_expansion"":false,""blocks"":46,""comparison"":""arm-03/single_gaussian"",""evidence_sha256"":""780432b174cf59f4e6a2e243b00f6a33e831c9f546ad73c52242b4db0cbf81f0"",""family_id"":""method-model-structure"",""origin_mode"":""causal_prefix"",""paired_block_sd_m"":73.93907304769968,""qualified"":true,""reason"":""registered_1x_SD_planning_requirement_met"",""scenarios"":[{""approximate_power"":0.8983782747245561,""assumed_true_improvement_m"":82.200518,""method"":""normal_margin_crossing_planning_not_bootstrap_guarantee"",""paired_sd_m"":73.93907304769968,""practical_margin_m"":41.100259,""required_blocks_normal_approximation"":37,""sd_multiplier"":1.0,""target_power"":0.8},{""approximate_power"":0.2700472090711078,""assumed_true_improvement_m"":82.200518,""method"":""normal_margin_crossing_planning_not_bootstrap_guarantee"",""paired_sd_m"":147.87814609539936,""practical_margin_m"":41.100259,""required_blocks_normal_approximation"":145,""sd_multiplier"":2.0,""target_power"":0.8}],""scope"":""Prospective normal planning at assumed2delta, not observed post-hoc power or guaranteed bootstrap power. 2xSD is sensitivity, not a new sample target.""},""precision_invariant_verdict"":""inconclusive"",""predictive_scope"":""registered-finite-budget-predictor-performance"",""raw_statistical_verdict"":""inconclusive"",""reason"":""interval_overlaps_practical_boundary_or_not_significant"",""verdict"":""inconclusive""}",False
method:arm-04/gmm_kernel,arm-04/gmm_kernel,4,predictive-contrast-candidate,REQUIRED,,"{""comparison"":""arm-04/gmm_kernel"",""family_id"":""method-model-structure""}",NEX326-methods:arm-04/gmm_kernel,"{""numerical_applicability"":{""combined_pilot_margin_m"":null,""epsilon_m"":10.27506475,""evidence_sha256"":""780432b174cf59f4e6a2e243b00f6a33e831c9f546ad73c52242b4db0cbf81f0"",""global_numerically_qualified"":false,""pilot_screen_supported"":false,""precision_invariant_effect_qualified"":false,""scope"":""Keep fixed-budget performance separate from resolution-invariant/model-limit claims. Three-block finite-reference evidence does not certify all final blocks, metrics or model variants."",""status"":""method_mechanism_diagnostics_not_total_numerical_bound""},""planning"":{""automatic_expansion"":false,""blocks"":46,""comparison"":""arm-04/gmm_kernel"",""evidence_sha256"":""780432b174cf59f4e6a2e243b00f6a33e831c9f546ad73c52242b4db0cbf81f0"",""family_id"":""method-model-structure"",""origin_mode"":""causal_prefix"",""paired_block_sd_m"":54.22226240107379,""qualified"":true,""reason"":""registered_1x_SD_planning_requirement_met"",""scenarios"":[{""approximate_power"":0.9958945677383777,""assumed_true_improvement_m"":82.200518,""method"":""normal_margin_crossing_planning_not_bootstrap_guarantee"",""paired_sd_m"":54.22226240107379,""practical_margin_m"":41.100259,""required_blocks_normal_approximation"":20,""sd_multiplier"":1.0,""target_power"":0.8},{""approximate_power"":0.5290110327056636,""assumed_true_improvement_m"":82.200518,""method"":""normal_margin_crossing_planning_not_bootstrap_guarantee"",""paired_sd_m"":108.44452480214758,""practical_margin_m"":41.100259,""required_blocks_normal_approximation"":78,""sd_multiplier"":2.0,""target_power"":0.8}],""scope"":""Prospective normal planning at assumed2delta, not observed post-hoc power or guaranteed bootstrap power. 2xSD is sensitivity, not a new sample target.""},""precision_invariant_verdict"":""inconclusive"",""predictive_scope"":""registered-finite-budget-predictor-performance"",""raw_statistical_verdict"":""equivalent"",""reason"":""simultaneous_interval_strictly_inside_practical_band"",""verdict"":""equivalent""}",False
method:arm-05/explicit_decomp,arm-05/explicit_decomp,5,predictive-contrast-candidate,REQUIRED,,"{""comparison"":""arm-05/explicit_decomp"",""family_id"":""method-model-structure""}",NEX326-methods:arm-05/explicit_decomp,"{""numerical_applicability"":{""combined_pilot_margin_m"":null,""epsilon_m"":10.27506475,""evidence_sha256"":""780432b174cf59f4e6a2e243b00f6a33e831c9f546ad73c52242b4db0cbf81f0"",""global_numerically_qualified"":false,""pilot_screen_supported"":false,""precision_invariant_effect_qualified"":false,""scope"":""Keep fixed-budget performance separate from resolution-invariant/model-limit claims. Three-block finite-reference evidence does not certify all final blocks, metrics or model variants."",""status"":""method_mechanism_diagnostics_not_total_numerical_bound""},""planning"":{""automatic_expansion"":false,""blocks"":46,""comparison"":""arm-05/explicit_decomp"",""evidence_sha256"":""780432b174cf59f4e6a2e243b00f6a33e831c9f546ad73c52242b4db0cbf81f0"",""family_id"":""method-model-structure"",""origin_mode"":""causal_prefix"",""paired_block_sd_m"":66.242830586491,""qualified"":true,""reason"":""registered_1x_SD_planning_requirement_met"",""scenarios"":[{""approximate_power"":0.9564022224574635,""assumed_true_improvement_m"":82.200518,""method"":""normal_margin_crossing_planning_not_bootstrap_guarantee"",""paired_sd_m"":66.242830586491,""practical_margin_m"":41.100259,""required_blocks_normal_approximation"":29,""sd_multiplier"":1.0,""target_power"":0.8},{""approximate_power"":0.3469150996811177,""assumed_true_improvement_m"":82.200518,""method"":""normal_margin_crossing_planning_not_bootstrap_guarantee"",""paired_sd_m"":132.485661172982,""practical_margin_m"":41.100259,""required_blocks_normal_approximation"":116,""sd_multiplier"":2.0,""target_power"":0.8}],""scope"":""Prospective normal planning at assumed2delta, not observed post-hoc power or guaranteed bootstrap power. 2xSD is sensitivity, not a new sample target.""},""precision_invariant_verdict"":""inconclusive"",""predictive_scope"":""registered-finite-budget-predictor-performance"",""raw_statistical_verdict"":""inconclusive"",""reason"":""interval_overlaps_practical_boundary_or_not_significant"",""verdict"":""inconclusive""}",False
method:arm-06/dt120,arm-06/dt120,6,predictive-contrast-candidate,REQUIRED,,"{""comparison"":""arm-06/dt120"",""family_id"":""method-observation-interval""}",NEX326-methods:arm-06/dt120,"{""numerical_applicability"":{""combined_pilot_margin_m"":null,""epsilon_m"":10.27506475,""evidence_sha256"":""780432b174cf59f4e6a2e243b00f6a33e831c9f546ad73c52242b4db0cbf81f0"",""global_numerically_qualified"":false,""pilot_screen_supported"":false,""precision_invariant_effect_qualified"":false,""scope"":""Keep fixed-budget performance separate from resolution-invariant/model-limit claims. Three-block finite-reference evidence does not certify all final blocks, metrics or model variants."",""status"":""method_mechanism_diagnostics_not_total_numerical_bound""},""planning"":{""automatic_expansion"":false,""blocks"":46,""comparison"":""arm-06/dt120"",""evidence_sha256"":""780432b174cf59f4e6a2e243b00f6a33e831c9f546ad73c52242b4db0cbf81f0"",""family_id"":""method-observation-interval"",""origin_mode"":""causal_prefix"",""paired_block_sd_m"":13.998020614352917,""qualified"":true,""reason"":""registered_1x_SD_planning_requirement_met"",""scenarios"":[{""approximate_power"":1.0,""assumed_true_improvement_m"":82.200518,""method"":""normal_margin_crossing_planning_not_bootstrap_guarantee"",""paired_sd_m"":13.998020614352917,""practical_margin_m"":41.100259,""required_blocks_normal_approximation"":2,""sd_multiplier"":1.0,""target_power"":0.8},{""approximate_power"":0.9999999999999565,""assumed_true_improvement_m"":82.200518,""method"":""normal_margin_crossing_planning_not_bootstrap_guarantee"",""paired_sd_m"":27.996041228705835,""practical_margin_m"":41.100259,""required_blocks_normal_approximation"":6,""sd_multiplier"":2.0,""target_power"":0.8}],""scope"":""Prospective normal planning at assumed2delta, not observed post-hoc power or guaranteed bootstrap power. 2xSD is sensitivity, not a new sample target.""},""precision_invariant_verdict"":""inconclusive"",""predictive_scope"":""registered-finite-budget-predictor-performance"",""raw_statistical_verdict"":""equivalent"",""reason"":""simultaneous_interval_strictly_inside_practical_band"",""verdict"":""equivalent""}",False
method:arm-06/dt30,arm-06/dt30,6,predictive-contrast-candidate,REQUIRED,,"{""comparison"":""arm-06/dt30"",""family_id"":""method-observation-interval""}",NEX326-methods:arm-06/dt30,"{""numerical_applicability"":{""combined_pilot_margin_m"":null,""epsilon_m"":10.27506475,""evidence_sha256"":""780432b174cf59f4e6a2e243b00f6a33e831c9f546ad73c52242b4db0cbf81f0"",""global_numerically_qualified"":false,""pilot_screen_supported"":false,""precision_invariant_effect_qualified"":false,""scope"":""Keep fixed-budget performance separate from resolution-invariant/model-limit claims. Three-block finite-reference evidence does not certify all final blocks, metrics or model variants."",""status"":""method_mechanism_diagnostics_not_total_numerical_bound""},""planning"":{""automatic_expansion"":false,""blocks"":46,""comparison"":""arm-06/dt30"",""evidence_sha256"":""780432b174cf59f4e6a2e243b00f6a33e831c9f546ad73c52242b4db0cbf81f0"",""family_id"":""method-observation-interval"",""origin_mode"":""causal_prefix"",""paired_block_sd_m"":8.99606383946941,""qualified"":true,""reason"":""registered_1x_SD_planning_requirement_met"",""scenarios"":[{""approximate_power"":1.0,""assumed_true_improvement_m"":82.200518,""method"":""normal_margin_crossing_planning_not_bootstrap_guarantee"",""paired_sd_m"":8.99606383946941,""practical_margin_m"":41.100259,""required_blocks_normal_approximation"":1,""sd_multiplier"":1.0,""target_power"":0.8},{""approximate_power"":1.0,""assumed_true_improvement_m"":82.200518,""method"":""normal_margin_crossing_planning_not_bootstrap_guarantee"",""paired_sd_m"":17.99212767893882,""practical_margin_m"":41.100259,""required_blocks_normal_approximation"":3,""sd_multiplier"":2.0,""target_power"":0.8}],""scope"":""Prospective normal planning at assumed2delta, not observed post-hoc power or guaranteed bootstrap power. 2xSD is sensitivity, not a new sample target.""},""precision_invariant_verdict"":""inconclusive"",""predictive_scope"":""registered-finite-budget-predictor-performance"",""raw_statistical_verdict"":""equivalent"",""reason"":""simultaneous_interval_strictly_inside_practical_band"",""verdict"":""equivalent""}",False
method:arm-06/dt300,arm-06/dt300,6,predictive-contrast-candidate,REQUIRED,,"{""comparison"":""arm-06/dt300"",""family_id"":""method-observation-interval""}",NEX326-methods:arm-06/dt300,"{""numerical_applicability"":{""combined_pilot_margin_m"":null,""epsilon_m"":10.27506475,""evidence_sha256"":""780432b174cf59f4e6a2e243b00f6a33e831c9f546ad73c52242b4db0cbf81f0"",""global_numerically_qualified"":false,""pilot_screen_supported"":false,""precision_invariant_effect_qualified"":false,""scope"":""Keep fixed-budget performance separate from resolution-invariant/model-limit claims. Three-block finite-reference evidence does not certify all final blocks, metrics or model variants."",""status"":""method_mechanism_diagnostics_not_total_numerical_bound""},""planning"":{""automatic_expansion"":false,""blocks"":46,""comparison"":""arm-06/dt300"",""evidence_sha256"":""780432b174cf59f4e6a2e243b00f6a33e831c9f546ad73c52242b4db0cbf81f0"",""family_id"":""method-observation-interval"",""origin_mode"":""causal_prefix"",""paired_block_sd_m"":47.980715863946656,""qualified"":true,""reason"":""registered_1x_SD_planning_requirement_met"",""scenarios"":[{""approximate_power"":0.9995369006253917,""assumed_true_improvement_m"":82.200518,""method"":""normal_margin_crossing_planning_not_bootstrap_guarantee"",""paired_sd_m"":47.980715863946656,""practical_margin_m"":41.100259,""required_blocks_normal_approximation"":16,""sd_multiplier"":1.0,""target_power"":0.8},{""approximate_power"":0.6580565558074994,""assumed_true_improvement_m"":82.200518,""method"":""normal_margin_crossing_planning_not_bootstrap_guarantee"",""paired_sd_m"":95.96143172789331,""practical_margin_m"":41.100259,""required_blocks_normal_approximation"":61,""sd_multiplier"":2.0,""target_power"":0.8}],""scope"":""Prospective normal planning at assumed2delta, not observed post-hoc power or guaranteed bootstrap power. 2xSD is sensitivity, not a new sample target.""},""precision_invariant_verdict"":""inconclusive"",""predictive_scope"":""registered-finite-budget-predictor-performance"",""raw_statistical_verdict"":""inconclusive"",""reason"":""interval_overlaps_practical_boundary_or_not_significant"",""verdict"":""inconclusive""}",False
method:arm-06/dt60,arm-06/dt60,6,identical-Full-replay,REQUIRED,,,NEX326-methods:arm-06/dt60,,False
method:arm-06/dt600,arm-06/dt600,6,predictive-contrast-candidate,REQUIRED,,"{""comparison"":""arm-06/dt600"",""family_id"":""method-observation-interval""}",NEX326-methods:arm-06/dt600,"{""numerical_applicability"":{""combined_pilot_margin_m"":null,""epsilon_m"":10.27506475,""evidence_sha256"":""780432b174cf59f4e6a2e243b00f6a33e831c9f546ad73c52242b4db0cbf81f0"",""global_numerically_qualified"":false,""pilot_screen_supported"":false,""precision_invariant_effect_qualified"":false,""scope"":""Keep fixed-budget performance separate from resolution-invariant/model-limit claims. Three-block finite-reference evidence does not certify all final blocks, metrics or model variants."",""status"":""method_mechanism_diagnostics_not_total_numerical_bound""},""planning"":{""automatic_expansion"":false,""blocks"":46,""comparison"":""arm-06/dt600"",""evidence_sha256"":""780432b174cf59f4e6a2e243b00f6a33e831c9f546ad73c52242b4db0cbf81f0"",""family_id"":""method-observation-interval"",""origin_mode"":""causal_prefix"",""paired_block_sd_m"":84.35413023768275,""qualified"":false,""reason"":""planning_power_below_target"",""scenarios"":[{""approximate_power"":0.790132480542189,""assumed_true_improvement_m"":82.200518,""method"":""normal_margin_crossing_planning_not_bootstrap_guarantee"",""paired_sd_m"":84.35413023768275,""practical_margin_m"":41.100259,""required_blocks_normal_approximation"":47,""sd_multiplier"":1.0,""target_power"":0.8},{""approximate_power"":0.1989403590198386,""assumed_true_improvement_m"":82.200518,""method"":""normal_margin_crossing_planning_not_bootstrap_guarantee"",""paired_sd_m"":168.7082604753655,""practical_margin_m"":41.100259,""required_blocks_normal_approximation"":188,""sd_multiplier"":2.0,""target_power"":0.8}],""scope"":""Prospective normal planning at assumed2delta, not observed post-hoc power or guaranteed bootstrap power. 2xSD is sensitivity, not a new sample target.""},""precision_invariant_verdict"":""inconclusive"",""predictive_scope"":""registered-finite-budget-predictor-performance"",""raw_statistical_verdict"":""inconclusive"",""reason"":""planning_power_below_target"",""verdict"":""inconclusive""}",False
method:arm-07/full,arm-07/full,7,shared-Full-anchor,REQUIRED,,,NEX326-methods:arm-07/full,,False
method:arm-08/qmle,arm-08/qmle,8,predictive-contrast-candidate,REQUIRED,,"{""comparison"":""arm-08/qmle"",""family_id"":""method-objective-and-score""}",NEX326-methods:arm-08/qmle,"{""numerical_applicability"":{""combined_pilot_margin_m"":null,""epsilon_m"":10.27506475,""evidence_sha256"":""780432b174cf59f4e6a2e243b00f6a33e831c9f546ad73c52242b4db0cbf81f0"",""global_numerically_qualified"":false,""pilot_screen_supported"":false,""precision_invariant_effect_qualified"":false,""scope"":""Keep fixed-budget performance separate from resolution-invariant/model-limit claims. Three-block finite-reference evidence does not certify all final blocks, metrics or model variants."",""status"":""method_mechanism_diagnostics_not_total_numerical_bound""},""planning"":{""automatic_expansion"":false,""blocks"":46,""comparison"":""arm-08/qmle"",""evidence_sha256"":""780432b174cf59f4e6a2e243b00f6a33e831c9f546ad73c52242b4db0cbf81f0"",""family_id"":""method-objective-and-score"",""origin_mode"":""causal_prefix"",""paired_block_sd_m"":9.70264951449391,""qualified"":true,""reason"":""registered_1x_SD_planning_requirement_met"",""scenarios"":[{""approximate_power"":1.0,""assumed_true_improvement_m"":82.200518,""method"":""normal_margin_crossing_planning_not_bootstrap_guarantee"",""paired_sd_m"":9.70264951449391,""practical_margin_m"":41.100259,""required_blocks_normal_approximation"":1,""sd_multiplier"":1.0,""target_power"":0.8},{""approximate_power"":1.0,""assumed_true_improvement_m"":82.200518,""method"":""normal_margin_crossing_planning_not_bootstrap_guarantee"",""paired_sd_m"":19.40529902898782,""practical_margin_m"":41.100259,""required_blocks_normal_approximation"":3,""sd_multiplier"":2.0,""target_power"":0.8}],""scope"":""Prospective normal planning at assumed2delta, not observed post-hoc power or guaranteed bootstrap power. 2xSD is sensitivity, not a new sample target.""},""precision_invariant_verdict"":""inconclusive"",""predictive_scope"":""registered-finite-budget-predictor-performance"",""raw_statistical_verdict"":""equivalent"",""reason"":""simultaneous_interval_strictly_inside_practical_band"",""verdict"":""equivalent""}",False
method:arm-09/mixed,arm-09/mixed,9,predictive-contrast-candidate,REQUIRED,,"{""comparison"":""arm-09/mixed"",""family_id"":""method-objective-and-score""}",NEX326-methods:arm-09/mixed,"{""numerical_applicability"":{""combined_pilot_margin_m"":null,""epsilon_m"":10.27506475,""evidence_sha256"":""780432b174cf59f4e6a2e243b00f6a33e831c9f546ad73c52242b4db0cbf81f0"",""global_numerically_qualified"":false,""pilot_screen_supported"":false,""precision_invariant_effect_qualified"":false,""scope"":""Keep fixed-budget performance separate from resolution-invariant/model-limit claims. Three-block finite-reference evidence does not certify all final blocks, metrics or model variants."",""status"":""method_mechanism_diagnostics_not_total_numerical_bound""},""planning"":{""automatic_expansion"":false,""blocks"":46,""comparison"":""arm-09/mixed"",""evidence_sha256"":""780432b174cf59f4e6a2e243b00f6a33e831c9f546ad73c52242b4db0cbf81f0"",""family_id"":""method-objective-and-score"",""origin_mode"":""causal_prefix"",""paired_block_sd_m"":1.2199009210809573,""qualified"":true,""reason"":""registered_1x_SD_planning_requirement_met"",""scenarios"":[{""approximate_power"":1.0,""assumed_true_improvement_m"":82.200518,""method"":""normal_margin_crossing_planning_not_bootstrap_guarantee"",""paired_sd_m"":1.2199009210809573,""practical_margin_m"":41.100259,""required_blocks_normal_approximation"":1,""sd_multiplier"":1.0,""target_power"":0.8},{""approximate_power"":1.0,""assumed_true_improvement_m"":82.200518,""method"":""normal_margin_crossing_planning_not_bootstrap_guarantee"",""paired_sd_m"":2.4398018421619145,""practical_margin_m"":41.100259,""required_blocks_normal_approximation"":1,""sd_multiplier"":2.0,""target_power"":0.8}],""scope"":""Prospective normal planning at assumed2delta, not observed post-hoc power or guaranteed bootstrap power. 2xSD is sensitivity, not a new sample target.""},""precision_invariant_verdict"":""inconclusive"",""predictive_scope"":""registered-finite-budget-predictor-performance"",""raw_statistical_verdict"":""equivalent"",""reason"":""simultaneous_interval_strictly_inside_practical_band"",""verdict"":""equivalent""}",False
method:arm-09/pure_es,arm-09/pure_es,9,predictive-contrast-candidate,REQUIRED,,"{""comparison"":""arm-09/pure_es"",""family_id"":""method-objective-and-score""}",NEX326-methods:arm-09/pure_es,"{""numerical_applicability"":{""combined_pilot_margin_m"":null,""epsilon_m"":10.27506475,""evidence_sha256"":""780432b174cf59f4e6a2e243b00f6a33e831c9f546ad73c52242b4db0cbf81f0"",""global_numerically_qualified"":false,""pilot_screen_supported"":false,""precision_invariant_effect_qualified"":false,""scope"":""Keep fixed-budget performance separate from resolution-invariant/model-limit claims. Three-block finite-reference evidence does not certify all final blocks, metrics or model variants."",""status"":""method_mechanism_diagnostics_not_total_numerical_bound""},""planning"":{""automatic_expansion"":false,""blocks"":46,""comparison"":""arm-09/pure_es"",""evidence_sha256"":""780432b174cf59f4e6a2e243b00f6a33e831c9f546ad73c52242b4db0cbf81f0"",""family_id"":""method-objective-and-score"",""origin_mode"":""causal_prefix"",""paired_block_sd_m"":6.298838186018459,""qualified"":true,""reason"":""registered_1x_SD_planning_requirement_met"",""scenarios"":[{""approximate_power"":1.0,""assumed_true_improvement_m"":82.200518,""method"":""normal_margin_crossing_planning_not_bootstrap_guarantee"",""paired_sd_m"":6.298838186018459,""practical_margin_m"":41.100259,""required_blocks_normal_approximation"":1,""sd_multiplier"":1.0,""target_power"":0.8},{""approximate_power"":1.0,""assumed_true_improvement_m"":82.200518,""method"":""normal_margin_crossing_planning_not_bootstrap_guarantee"",""paired_sd_m"":12.597676372036918,""practical_margin_m"":41.100259,""required_blocks_normal_approximation"":2,""sd_multiplier"":2.0,""target_power"":0.8}],""scope"":""Prospective normal planning at assumed2delta, not observed post-hoc power or guaranteed bootstrap power. 2xSD is sensitivity, not a new sample target.""},""precision_invariant_verdict"":""inconclusive"",""predictive_scope"":""registered-finite-budget-predictor-performance"",""raw_statistical_verdict"":""equivalent"",""reason"":""simultaneous_interval_strictly_inside_practical_band"",""verdict"":""equivalent""}",False
method:arm-10/d2_closed,arm-10/d2_closed,10,predictive-contrast-candidate,REQUIRED,,"{""comparison"":""arm-10/d2_closed"",""family_id"":""method-objective-and-score""}",NEX326-methods:arm-10/d2_closed,"{""numerical_applicability"":{""combined_pilot_margin_m"":null,""epsilon_m"":10.27506475,""evidence_sha256"":""780432b174cf59f4e6a2e243b00f6a33e831c9f546ad73c52242b4db0cbf81f0"",""global_numerically_qualified"":false,""pilot_screen_supported"":false,""precision_invariant_effect_qualified"":false,""scope"":""Keep fixed-budget performance separate from resolution-invariant/model-limit claims. Three-block finite-reference evidence does not certify all final blocks, metrics or model variants."",""status"":""method_mechanism_diagnostics_not_total_numerical_bound""},""planning"":{""automatic_expansion"":false,""blocks"":46,""comparison"":""arm-10/d2_closed"",""evidence_sha256"":""780432b174cf59f4e6a2e243b00f6a33e831c9f546ad73c52242b4db0cbf81f0"",""family_id"":""method-objective-and-score"",""origin_mode"":""causal_prefix"",""paired_block_sd_m"":0.0,""qualified"":false,""reason"":""zero_development_SD_is_not_power_evidence"",""scenarios"":[{""approximate_power"":1.0,""assumed_true_improvement_m"":82.200518,""method"":""normal_margin_crossing_planning_not_bootstrap_guarantee"",""paired_sd_m"":0.0,""practical_margin_m"":41.100259,""required_blocks_normal_approximation"":1,""sd_multiplier"":1.0,""target_power"":0.8},{""approximate_power"":1.0,""assumed_true_improvement_m"":82.200518,""method"":""normal_margin_crossing_planning_not_bootstrap_guarantee"",""paired_sd_m"":0.0,""practical_margin_m"":41.100259,""required_blocks_normal_approximation"":1,""sd_multiplier"":2.0,""target_power"":0.8}],""scope"":""Prospective normal planning at assumed2delta, not observed post-hoc power or guaranteed bootstrap power. 2xSD is sensitivity, not a new sample target.""},""precision_invariant_verdict"":""inconclusive"",""predictive_scope"":""registered-finite-budget-predictor-performance"",""raw_statistical_verdict"":""equivalent"",""reason"":""zero_development_SD_is_not_power_evidence"",""verdict"":""inconclusive""}",False
method:arm-10/d2_mc,arm-10/d2_mc,10,predictive-contrast-candidate,REQUIRED,,"{""comparison"":""arm-10/d2_mc"",""family_id"":""method-objective-and-score""}",NEX326-methods:arm-10/d2_mc,"{""numerical_applicability"":{""combined_pilot_margin_m"":null,""epsilon_m"":10.27506475,""evidence_sha256"":""780432b174cf59f4e6a2e243b00f6a33e831c9f546ad73c52242b4db0cbf81f0"",""global_numerically_qualified"":false,""pilot_screen_supported"":false,""precision_invariant_effect_qualified"":false,""scope"":""Keep fixed-budget performance separate from resolution-invariant/model-limit claims. Three-block finite-reference evidence does not certify all final blocks, metrics or model variants."",""status"":""method_mechanism_diagnostics_not_total_numerical_bound""},""planning"":{""automatic_expansion"":false,""blocks"":46,""comparison"":""arm-10/d2_mc"",""evidence_sha256"":""780432b174cf59f4e6a2e243b00f6a33e831c9f546ad73c52242b4db0cbf81f0"",""family_id"":""method-objective-and-score"",""origin_mode"":""causal_prefix"",""paired_block_sd_m"":0.0,""qualified"":false,""reason"":""zero_development_SD_is_not_power_evidence"",""scenarios"":[{""approximate_power"":1.0,""assumed_true_improvement_m"":82.200518,""method"":""normal_margin_crossing_planning_not_bootstrap_guarantee"",""paired_sd_m"":0.0,""practical_margin_m"":41.100259,""required_blocks_normal_approximation"":1,""sd_multiplier"":1.0,""target_power"":0.8},{""approximate_power"":1.0,""assumed_true_improvement_m"":82.200518,""method"":""normal_margin_crossing_planning_not_bootstrap_guarantee"",""paired_sd_m"":0.0,""practical_margin_m"":41.100259,""required_blocks_normal_approximation"":1,""sd_multiplier"":2.0,""target_power"":0.8}],""scope"":""Prospective normal planning at assumed2delta, not observed post-hoc power or guaranteed bootstrap power. 2xSD is sensitivity, not a new sample target.""},""precision_invariant_verdict"":""inconclusive"",""predictive_scope"":""registered-finite-budget-predictor-performance"",""raw_statistical_verdict"":""equivalent"",""reason"":""zero_development_SD_is_not_power_evidence"",""verdict"":""inconclusive""}",False
method:arm-11/full,arm-11/full,11,shared-Full-anchor,REQUIRED,,,NEX326-methods:arm-11/full,,False
method:arm-12/scratch,arm-12/scratch,12,predictive-contrast-candidate,REQUIRED,,"{""comparison"":""arm-12/scratch"",""family_id"":""method-transfer-adaptation""}",NEX326-methods:arm-12/scratch,"{""numerical_applicability"":{""combined_pilot_margin_m"":null,""epsilon_m"":10.27506475,""evidence_sha256"":""780432b174cf59f4e6a2e243b00f6a33e831c9f546ad73c52242b4db0cbf81f0"",""global_numerically_qualified"":false,""pilot_screen_supported"":false,""precision_invariant_effect_qualified"":false,""scope"":""Keep fixed-budget performance separate from resolution-invariant/model-limit claims. Three-block finite-reference evidence does not certify all final blocks, metrics or model variants."",""status"":""method_mechanism_diagnostics_not_total_numerical_bound""},""planning"":{""automatic_expansion"":false,""blocks"":46,""comparison"":""arm-12/scratch"",""evidence_sha256"":""780432b174cf59f4e6a2e243b00f6a33e831c9f546ad73c52242b4db0cbf81f0"",""family_id"":""method-transfer-adaptation"",""origin_mode"":""causal_prefix"",""paired_block_sd_m"":9.049835711758194,""qualified"":true,""reason"":""registered_1x_SD_planning_requirement_met"",""scenarios"":[{""approximate_power"":1.0,""assumed_true_improvement_m"":82.200518,""method"":""normal_margin_crossing_planning_not_bootstrap_guarantee"",""paired_sd_m"":9.049835711758194,""practical_margin_m"":41.100259,""required_blocks_normal_approximation"":1,""sd_multiplier"":1.0,""target_power"":0.8},{""approximate_power"":1.0,""assumed_true_improvement_m"":82.200518,""method"":""normal_margin_crossing_planning_not_bootstrap_guarantee"",""paired_sd_m"":18.099671423516387,""practical_margin_m"":41.100259,""required_blocks_normal_approximation"":3,""sd_multiplier"":2.0,""target_power"":0.8}],""scope"":""Prospective normal planning at assumed2delta, not observed post-hoc power or guaranteed bootstrap power. 2xSD is sensitivity, not a new sample target.""},""precision_invariant_verdict"":""inconclusive"",""predictive_scope"":""registered-finite-budget-predictor-performance"",""raw_statistical_verdict"":""equivalent"",""reason"":""simultaneous_interval_strictly_inside_practical_band"",""verdict"":""equivalent""}",False
method:arm-13/animal_pretrain,arm-13/animal_pretrain,13,policy-excluded,EXCLUDED,"No licensed, versioned animal trajectory cohort is available for animal-to-human pretraining.",,,,False
method:arm-14/reptile,arm-14/reptile,14,predictive-contrast-candidate,REQUIRED,,"{""comparison"":""arm-14/reptile"",""family_id"":""method-transfer-adaptation""}",NEX326-methods:arm-14/reptile,"{""numerical_applicability"":{""combined_pilot_margin_m"":null,""epsilon_m"":10.27506475,""evidence_sha256"":""780432b174cf59f4e6a2e243b00f6a33e831c9f546ad73c52242b4db0cbf81f0"",""global_numerically_qualified"":false,""pilot_screen_supported"":false,""precision_invariant_effect_qualified"":false,""scope"":""Keep fixed-budget performance separate from resolution-invariant/model-limit claims. Three-block finite-reference evidence does not certify all final blocks, metrics or model variants."",""status"":""method_mechanism_diagnostics_not_total_numerical_bound""},""planning"":{""automatic_expansion"":false,""blocks"":46,""comparison"":""arm-14/reptile"",""evidence_sha256"":""780432b174cf59f4e6a2e243b00f6a33e831c9f546ad73c52242b4db0cbf81f0"",""family_id"":""method-transfer-adaptation"",""origin_mode"":""causal_prefix"",""paired_block_sd_m"":32.85482507704025,""qualified"":true,""reason"":""registered_1x_SD_planning_requirement_met"",""scenarios"":[{""approximate_power"":0.9999999989296665,""assumed_true_improvement_m"":82.200518,""method"":""normal_margin_crossing_planning_not_bootstrap_guarantee"",""paired_sd_m"":32.85482507704025,""practical_margin_m"":41.100259,""required_blocks_normal_approximation"":8,""sd_multiplier"":1.0,""target_power"":0.8},{""approximate_power"":0.9594662581555699,""assumed_true_improvement_m"":82.200518,""method"":""normal_margin_crossing_planning_not_bootstrap_guarantee"",""paired_sd_m"":65.7096501540805,""practical_margin_m"":41.100259,""required_blocks_normal_approximation"":29,""sd_multiplier"":2.0,""target_power"":0.8}],""scope"":""Prospective normal planning at assumed2delta, not observed post-hoc power or guaranteed bootstrap power. 2xSD is sensitivity, not a new sample target.""},""precision_invariant_verdict"":""inconclusive"",""predictive_scope"":""registered-finite-budget-predictor-performance"",""raw_statistical_verdict"":""equivalent"",""reason"":""simultaneous_interval_strictly_inside_practical_band"",""verdict"":""equivalent""}",False
method:arm-15/drift_only,arm-15/drift_only,15,predictive-contrast-candidate,REQUIRED,,"{""comparison"":""arm-15/drift_only"",""family_id"":""method-transfer-adaptation""}",NEX326-methods:arm-15/drift_only,"{""numerical_applicability"":{""combined_pilot_margin_m"":null,""epsilon_m"":10.27506475,""evidence_sha256"":""780432b174cf59f4e6a2e243b00f6a33e831c9f546ad73c52242b4db0cbf81f0"",""global_numerically_qualified"":false,""pilot_screen_supported"":false,""precision_invariant_effect_qualified"":false,""scope"":""Keep fixed-budget performance separate from resolution-invariant/model-limit claims. Three-block finite-reference evidence does not certify all final blocks, metrics or model variants."",""status"":""method_mechanism_diagnostics_not_total_numerical_bound""},""planning"":{""automatic_expansion"":false,""blocks"":46,""comparison"":""arm-15/drift_only"",""evidence_sha256"":""780432b174cf59f4e6a2e243b00f6a33e831c9f546ad73c52242b4db0cbf81f0"",""family_id"":""method-transfer-adaptation"",""origin_mode"":""causal_prefix"",""paired_block_sd_m"":6.13969644463973,""qualified"":true,""reason"":""registered_1x_SD_planning_requirement_met"",""scenarios"":[{""approximate_power"":1.0,""assumed_true_improvement_m"":82.200518,""method"":""normal_margin_crossing_planning_not_bootstrap_guarantee"",""paired_sd_m"":6.13969644463973,""practical_margin_m"":41.100259,""required_blocks_normal_approximation"":1,""sd_multiplier"":1.0,""target_power"":0.8},{""approximate_power"":1.0,""assumed_true_improvement_m"":82.200518,""method"":""normal_margin_crossing_planning_not_bootstrap_guarantee"",""paired_sd_m"":12.27939288927946,""practical_margin_m"":41.100259,""required_blocks_normal_approximation"":1,""sd_multiplier"":2.0,""target_power"":0.8}],""scope"":""Prospective normal planning at assumed2delta, not observed post-hoc power or guaranteed bootstrap power. 2xSD is sensitivity, not a new sample target.""},""precision_invariant_verdict"":""inconclusive"",""predictive_scope"":""registered-finite-budget-predictor-performance"",""raw_statistical_verdict"":""equivalent"",""reason"":""simultaneous_interval_strictly_inside_practical_band"",""verdict"":""equivalent""}",False
method:arm-15/two_step,arm-15/two_step,15,predictive-contrast-candidate,REQUIRED,,"{""comparison"":""arm-15/two_step"",""family_id"":""method-transfer-adaptation""}",NEX326-methods:arm-15/two_step,"{""numerical_applicability"":{""combined_pilot_margin_m"":null,""epsilon_m"":10.27506475,""evidence_sha256"":""780432b174cf59f4e6a2e243b00f6a33e831c9f546ad73c52242b4db0cbf81f0"",""global_numerically_qualified"":false,""pilot_screen_supported"":false,""precision_invariant_effect_qualified"":false,""scope"":""Keep fixed-budget performance separate from resolution-invariant/model-limit claims. Three-block finite-reference evidence does not certify all final blocks, metrics or model variants."",""status"":""method_mechanism_diagnostics_not_total_numerical_bound""},""planning"":{""automatic_expansion"":false,""blocks"":46,""comparison"":""arm-15/two_step"",""evidence_sha256"":""780432b174cf59f4e6a2e243b00f6a33e831c9f546ad73c52242b4db0cbf81f0"",""family_id"":""method-transfer-adaptation"",""origin_mode"":""causal_prefix"",""paired_block_sd_m"":9.996238753100918,""qualified"":true,""reason"":""registered_1x_SD_planning_requirement_met"",""scenarios"":[{""approximate_power"":1.0,""assumed_true_improvement_m"":82.200518,""method"":""normal_margin_crossing_planning_not_bootstrap_guarantee"",""paired_sd_m"":9.996238753100918,""practical_margin_m"":41.100259,""required_blocks_normal_approximation"":1,""sd_multiplier"":1.0,""target_power"":0.8},{""approximate_power"":1.0,""assumed_true_improvement_m"":82.200518,""method"":""normal_margin_crossing_planning_not_bootstrap_guarantee"",""paired_sd_m"":19.992477506201837,""practical_margin_m"":41.100259,""required_blocks_normal_approximation"":3,""sd_multiplier"":2.0,""target_power"":0.8}],""scope"":""Prospective normal planning at assumed2delta, not observed post-hoc power or guaranteed bootstrap power. 2xSD is sensitivity, not a new sample target.""},""precision_invariant_verdict"":""inconclusive"",""predictive_scope"":""registered-finite-budget-predictor-performance"",""raw_statistical_verdict"":""equivalent"",""reason"":""simultaneous_interval_strictly_inside_practical_band"",""verdict"":""equivalent""}",False
method:arm-16/full,arm-16/full,16,shared-Full-anchor,REQUIRED,,,NEX326-methods:arm-16/full,,False
method:arm-17/is_day,arm-17/is_day,17,policy-excluded,EXCLUDED,The current scope does not require condition-variant reproduction; aligned temperature and precipitation are unavailable. Existing successful variants remain supplemental evidence.,,,,False
method:arm-17/terrain,arm-17/terrain,17,policy-excluded,EXCLUDED,The current scope does not require condition-variant reproduction; aligned temperature and precipitation are unavailable. Existing successful variants remain supplemental evidence.,,,,False
method:arm-17/uncond,arm-17/uncond,17,policy-excluded,EXCLUDED,The current scope does not require condition-variant reproduction; aligned temperature and precipitation are unavailable. Existing successful variants remain supplemental evidence.,,,,False
method:arm-17/weather,arm-17/weather,17,policy-excluded,EXCLUDED,The current scope does not require condition-variant reproduction; aligned temperature and precipitation are unavailable. Existing successful variants remain supplemental evidence.,,,,False
method:arm-18/full,arm-18/full,18,shared-Full-anchor,REQUIRED,,,NEX326-methods:arm-18/full,,False
method:arm-19/em,arm-19/em,19,predictive-contrast-candidate,REQUIRED,,"{""comparison"":""arm-19/em"",""family_id"":""method-numerical-propagation""}",NEX326-methods:arm-19/em,"{""numerical_applicability"":{""combined_pilot_margin_m"":null,""epsilon_m"":10.27506475,""evidence_sha256"":""780432b174cf59f4e6a2e243b00f6a33e831c9f546ad73c52242b4db0cbf81f0"",""global_numerically_qualified"":false,""pilot_screen_supported"":false,""precision_invariant_effect_qualified"":false,""scope"":""Keep fixed-budget performance separate from resolution-invariant/model-limit claims. Three-block finite-reference evidence does not certify all final blocks, metrics or model variants."",""status"":""method_mechanism_diagnostics_not_total_numerical_bound""},""planning"":{""automatic_expansion"":false,""blocks"":46,""comparison"":""arm-19/em"",""evidence_sha256"":""780432b174cf59f4e6a2e243b00f6a33e831c9f546ad73c52242b4db0cbf81f0"",""family_id"":""method-numerical-propagation"",""origin_mode"":""causal_prefix"",""paired_block_sd_m"":0.016705410970429095,""qualified"":true,""reason"":""registered_1x_SD_planning_requirement_met"",""scenarios"":[{""approximate_power"":1.0,""assumed_true_improvement_m"":82.200518,""method"":""normal_margin_crossing_planning_not_bootstrap_guarantee"",""paired_sd_m"":0.016705410970429095,""practical_margin_m"":41.100259,""required_blocks_normal_approximation"":1,""sd_multiplier"":1.0,""target_power"":0.8},{""approximate_power"":1.0,""assumed_true_improvement_m"":82.200518,""method"":""normal_margin_crossing_planning_not_bootstrap_guarantee"",""paired_sd_m"":0.03341082194085819,""practical_margin_m"":41.100259,""required_blocks_normal_approximation"":1,""sd_multiplier"":2.0,""target_power"":0.8}],""scope"":""Prospective normal planning at assumed2delta, not observed post-hoc power or guaranteed bootstrap power. 2xSD is sensitivity, not a new sample target.""},""precision_invariant_verdict"":""inconclusive"",""predictive_scope"":""registered-finite-budget-predictor-performance"",""raw_statistical_verdict"":""equivalent"",""reason"":""simultaneous_interval_strictly_inside_practical_band"",""verdict"":""equivalent""}",False
method:arm-19/euler,arm-19/euler,19,predictive-contrast-candidate,REQUIRED,,"{""comparison"":""arm-19/euler"",""family_id"":""method-numerical-propagation""}",NEX326-methods:arm-19/euler,"{""numerical_applicability"":{""combined_pilot_margin_m"":null,""epsilon_m"":10.27506475,""evidence_sha256"":""780432b174cf59f4e6a2e243b00f6a33e831c9f546ad73c52242b4db0cbf81f0"",""global_numerically_qualified"":false,""pilot_screen_supported"":false,""precision_invariant_effect_qualified"":false,""scope"":""Keep fixed-budget performance separate from resolution-invariant/model-limit claims. Three-block finite-reference evidence does not certify all final blocks, metrics or model variants."",""status"":""method_mechanism_diagnostics_not_total_numerical_bound""},""planning"":{""automatic_expansion"":false,""blocks"":46,""comparison"":""arm-19/euler"",""evidence_sha256"":""780432b174cf59f4e6a2e243b00f6a33e831c9f546ad73c52242b4db0cbf81f0"",""family_id"":""method-numerical-propagation"",""origin_mode"":""causal_prefix"",""paired_block_sd_m"":0.016705410970429095,""qualified"":true,""reason"":""registered_1x_SD_planning_requirement_met"",""scenarios"":[{""approximate_power"":1.0,""assumed_true_improvement_m"":82.200518,""method"":""normal_margin_crossing_planning_not_bootstrap_guarantee"",""paired_sd_m"":0.016705410970429095,""practical_margin_m"":41.100259,""required_blocks_normal_approximation"":1,""sd_multiplier"":1.0,""target_power"":0.8},{""approximate_power"":1.0,""assumed_true_improvement_m"":82.200518,""method"":""normal_margin_crossing_planning_not_bootstrap_guarantee"",""paired_sd_m"":0.03341082194085819,""practical_margin_m"":41.100259,""required_blocks_normal_approximation"":1,""sd_multiplier"":2.0,""target_power"":0.8}],""scope"":""Prospective normal planning at assumed2delta, not observed post-hoc power or guaranteed bootstrap power. 2xSD is sensitivity, not a new sample target.""},""precision_invariant_verdict"":""inconclusive"",""predictive_scope"":""registered-finite-budget-predictor-performance"",""raw_statistical_verdict"":""equivalent"",""reason"":""simultaneous_interval_strictly_inside_practical_band"",""verdict"":""equivalent""}",False
method:arm-20/full,arm-20/full,20,shared-Full-anchor,REQUIRED,,,NEX326-methods:arm-20/full,,False
method:arm-21/crn,arm-21/crn,21,predictive-contrast-candidate,REQUIRED,,"{""comparison"":""arm-21/crn"",""family_id"":""method-numerical-propagation""}",NEX326-methods:arm-21/crn,"{""numerical_applicability"":{""combined_pilot_margin_m"":null,""epsilon_m"":10.27506475,""evidence_sha256"":""780432b174cf59f4e6a2e243b00f6a33e831c9f546ad73c52242b4db0cbf81f0"",""global_numerically_qualified"":false,""pilot_screen_supported"":false,""precision_invariant_effect_qualified"":false,""scope"":""Keep fixed-budget performance separate from resolution-invariant/model-limit claims. Three-block finite-reference evidence does not certify all final blocks, metrics or model variants."",""status"":""method_mechanism_diagnostics_not_total_numerical_bound""},""planning"":{""automatic_expansion"":false,""blocks"":46,""comparison"":""arm-21/crn"",""evidence_sha256"":""780432b174cf59f4e6a2e243b00f6a33e831c9f546ad73c52242b4db0cbf81f0"",""family_id"":""method-numerical-propagation"",""origin_mode"":""causal_prefix"",""paired_block_sd_m"":0.00037061196888097834,""qualified"":true,""reason"":""registered_1x_SD_planning_requirement_met"",""scenarios"":[{""approximate_power"":1.0,""assumed_true_improvement_m"":82.200518,""method"":""normal_margin_crossing_planning_not_bootstrap_guarantee"",""paired_sd_m"":0.00037061196888097834,""practical_margin_m"":41.100259,""required_blocks_normal_approximation"":1,""sd_multiplier"":1.0,""target_power"":0.8},{""approximate_power"":1.0,""assumed_true_improvement_m"":82.200518,""method"":""normal_margin_crossing_planning_not_bootstrap_guarantee"",""paired_sd_m"":0.0007412239377619567,""practical_margin_m"":41.100259,""required_blocks_normal_approximation"":1,""sd_multiplier"":2.0,""target_power"":0.8}],""scope"":""Prospective normal planning at assumed2delta, not observed post-hoc power or guaranteed bootstrap power. 2xSD is sensitivity, not a new sample target.""},""precision_invariant_verdict"":""inconclusive"",""predictive_scope"":""registered-finite-budget-predictor-performance"",""raw_statistical_verdict"":""equivalent"",""reason"":""simultaneous_interval_strictly_inside_practical_band"",""verdict"":""equivalent""}",False
method:arm-21/mc,arm-21/mc,21,predictive-contrast-candidate,REQUIRED,,"{""comparison"":""arm-21/mc"",""family_id"":""method-numerical-propagation""}",NEX326-methods:arm-21/mc,"{""numerical_applicability"":{""combined_pilot_margin_m"":null,""epsilon_m"":10.27506475,""evidence_sha256"":""780432b174cf59f4e6a2e243b00f6a33e831c9f546ad73c52242b4db0cbf81f0"",""global_numerically_qualified"":false,""pilot_screen_supported"":false,""precision_invariant_effect_qualified"":false,""scope"":""Keep fixed-budget performance separate from resolution-invariant/model-limit claims. Three-block finite-reference evidence does not certify all final blocks, metrics or model variants."",""status"":""method_mechanism_diagnostics_not_total_numerical_bound""},""planning"":{""automatic_expansion"":false,""blocks"":46,""comparison"":""arm-21/mc"",""evidence_sha256"":""780432b174cf59f4e6a2e243b00f6a33e831c9f546ad73c52242b4db0cbf81f0"",""family_id"":""method-numerical-propagation"",""origin_mode"":""causal_prefix"",""paired_block_sd_m"":11.763022269176798,""qualified"":true,""reason"":""registered_1x_SD_planning_requirement_met"",""scenarios"":[{""approximate_power"":1.0,""assumed_true_improvement_m"":82.200518,""method"":""normal_margin_crossing_planning_not_bootstrap_guarantee"",""paired_sd_m"":11.763022269176798,""practical_margin_m"":41.100259,""required_blocks_normal_approximation"":1,""sd_multiplier"":1.0,""target_power"":0.8},{""approximate_power"":1.0,""assumed_true_improvement_m"":82.200518,""method"":""normal_margin_crossing_planning_not_bootstrap_guarantee"",""paired_sd_m"":23.526044538353595,""practical_margin_m"":41.100259,""required_blocks_normal_approximation"":4,""sd_multiplier"":2.0,""target_power"":0.8}],""scope"":""Prospective normal planning at assumed2delta, not observed post-hoc power or guaranteed bootstrap power. 2xSD is sensitivity, not a new sample target.""},""precision_invariant_verdict"":""inconclusive"",""predictive_scope"":""registered-finite-budget-predictor-performance"",""raw_statistical_verdict"":""equivalent"",""reason"":""simultaneous_interval_strictly_inside_practical_band"",""verdict"":""equivalent""}",False
method:arm-22/doob,arm-22/doob,22,policy-excluded,EXCLUDED,Endpoint-prior bridges are an expert-assisted extension and are outside the current core reproduction.,,,,False
method:arm-22/sb,arm-22/sb,22,policy-excluded,EXCLUDED,Endpoint-prior bridges are an expert-assisted extension and are outside the current core reproduction.,,,,False
method:arm-22/soft_endpoint,arm-22/soft_endpoint,22,policy-excluded,EXCLUDED,Endpoint-prior bridges are an expert-assisted extension and are outside the current core reproduction.,,,,False
