matrix,original_prediction_identity,original_sha256,original_status,original_work_id,output_identity_equal,replay_prediction_identity,replay_sha256,replay_status,replay_work_id,status,subject,successful_prediction_reproduced
NEX326-methods,ee34a0ffe737ffd5bdd055fcef42a0cabfec7baf2c85ef48a3634a3e56ee89d8,d608e747b19ffec3509def2b8cb8715751014f8c6232abd1c73cecda5efd57d8,success,742ffd51d950ca2108d5ccde539bc28faa27ecd0ba5c5d5fb7bf0ac83f1479fa,True,ee34a0ffe737ffd5bdd055fcef42a0cabfec7baf2c85ef48a3634a3e56ee89d8,70f61a07a7e95821cfa5f00071133980bd3b0ba18edbf54a5b2a5cf35c911732,success,becd0cfa76e11d8dc2fa5d5b62adaf1b2e9b11059a4a3c22812f65f99ec1bb31,reproduced,arm-01/full,True
NEX326-methods,9cd01442c7c7930b4c1d26202b9eba6f98bb2b60204f5def970567bef8bf92a2,87955bae82e4a00dadc80c73f3c397b8a361e5b98c17a731191b174d5fd8793c,success,60da02f16de20e01ddf859e3e41e42784f41f54e53413b5550435676301e29a3,True,9cd01442c7c7930b4c1d26202b9eba6f98bb2b60204f5def970567bef8bf92a2,401465d8c5929fda9d570fe1f8b28eae627d6df10f53a572d168aadc7c9ca185,success,ff77a33af7586fd63c1a683fdd82430c564a794d728f2fd5fc438002c4b90535,reproduced,arm-02/pointwise,True
NEX326-methods,a936de9ed2a13af512c41604e68bd7de9b6fd9940d4287292f33576d743c5a0c,f13e1ce3a12ef472c29e9d1e59ba90479b252cedbb1800f96b82c563f4042f3b,success,dd94039531576e4e2403a6930819e1e69d70b31397d88223f45fb6fce69dbeff,True,a936de9ed2a13af512c41604e68bd7de9b6fd9940d4287292f33576d743c5a0c,91a634a4782b88eef90c92cf4291d56bd0bd0196dd4da8609a616e87d2d61539,success,8541d768110708a2700a2bacec372c7ccf07f991e4a304e9a4c943c6f60ef493,reproduced,arm-03/single_gaussian,True
NEX326-methods,cc97627b9427923af20700cbeda97835d79b47c9a36aa253154fb76a15a2d9bb,6fa11fda83b3c4f19bc5d2c07536859eb0ddb9f5a46d98563aed7641f12a2a99,success,be961726357ce27628bf663e130b7cad24caa7469e7a98daf783c99c958f25c7,True,cc97627b9427923af20700cbeda97835d79b47c9a36aa253154fb76a15a2d9bb,936344a05043f1faeb4ffdda89fbd6fa3c0ddd3686d2033b2c92cc43ffcf354b,success,4922b1cc6313e03fea893bd19a0ef3b56649b5b861b72467fb514d8b460e4893,reproduced,arm-04/gmm_kernel,True
NEX326-methods,ebda81b359effd22e3d4c6d443281a9473f98c9840e41d3d803e59ed596f1ca0,a93cb5c218a2e8df8233e3d552234c2211a504e3ebcc5d7728d14b7084f73a67,success,fd6a3c80516458f1fb28ffd7286a153c0c62a82040a44127054bcb5868f891cd,True,ebda81b359effd22e3d4c6d443281a9473f98c9840e41d3d803e59ed596f1ca0,0ae9bab4710a1e874afb844babc776f84477a3c29423ed54780083a1ed1ea5e0,success,f43b1cd4ee777980260c6737ac18e8dec6db134caf101541ecc602f442a9ea9e,reproduced,arm-05/explicit_decomp,True
NEX326-methods,c7f0b8cf1118e114870a0078991cd96ca700f69ae0e7a212e4608cf96c42c998,a2b8733f39b8adb8a7867e1b823d825d090637466ca420d70b46fae3d9f02c0e,success,04799381fc8440ffa8411de592d6d81e4894dd932d8a03c05682b3af20cad966,True,c7f0b8cf1118e114870a0078991cd96ca700f69ae0e7a212e4608cf96c42c998,7d843d4ed9afb13d96dc67334d5559d325828dedf085cbaf78846d2a00c5c5f5,success,cc956098aa31273470dab8ec6dc385e9508c2dbf0402f7723bb6a1c6726955cd,reproduced,arm-06/dt120,True
NEX326-methods,9b2c6a466e19a99a56fa3698d0ebbf8a1544e3b1716d02b31875afdda9b2788e,7428b64620ae29d5e37656d03288d931ac15be970caa05f4841261e5bb28e134,success,573db8fab37ae7ef243b0ebb2af7cb10d4394f9ca7c57c2cac1ba1b4b2bc14ee,True,9b2c6a466e19a99a56fa3698d0ebbf8a1544e3b1716d02b31875afdda9b2788e,e83a5ca3ea8bed290b8e867b11a55a28a4def476f93204e2f6b7f66d5b7d9a8c,success,d943f242ecadc81ad8496667e3117bf3a51381d3259943e988a3ceffee7f23d4,reproduced,arm-06/dt30,True
NEX326-methods,061b1f40e1bde8e37522bcf5945e5d9ca29a5900e8bbbf7b3b2656e269465a9c,b502b6b0999c9879b5b617237ea2157d34c2c862e1963d8c61cc818ae0cf8af6,success,3cb8fd63bca24cac42041dfde3e5052cba4a02a044ad57ddb30dd0bbca787bd7,True,061b1f40e1bde8e37522bcf5945e5d9ca29a5900e8bbbf7b3b2656e269465a9c,cdfc623ef9a5fb89340f9ad5ec0657b2896b8c6c783bbc8de5df86bb1c12e4f6,success,7746ca81928824e82d1cc64a6d574036906a84bd9a499ba7f03e510f080ece14,reproduced,arm-06/dt300,True
NEX326-methods,7c90884d1d184057c904258d130f6c9eb4df83e253c4c427ccc81c57275f746a,a03beb254267f98be3b27d9c49991fcbf90a3f3722609f0ad1e07e8435d8593b,success,3d94642b852b56612505f0f2ef9eed7744436be1abf82e9060dc2d6bf3749700,True,7c90884d1d184057c904258d130f6c9eb4df83e253c4c427ccc81c57275f746a,e445f30705dbd7bf6f0c8b0d0f07367f2f4bbbb737b159d17009516c8fa5df01,success,c7060f3d0f60457a982fbd330d99c0a6286cc42a6665ab513df287bf4ffeae8e,reproduced,arm-06/dt60,True
NEX326-methods,4e81842ff2a7a68e02f597037ecb6c1a4f9457c33e728c102612888106c8a432,0b07839c67c2e5c303a05cfe8a93094c8ecfb87d5506882c9b24b76e0a2931f4,success,1efd5ddd780cf15aead0ed032cdd8846a7c1730b1a9b8de8ec927958fd5f767e,True,4e81842ff2a7a68e02f597037ecb6c1a4f9457c33e728c102612888106c8a432,264a74cbedda6120406aaae1fa034fbf58d8d593dc72bdc296fefde6678ef4e2,success,f5ba12fe77634e5a54370317a14e41affeb8d080a5150a268d5e42498359dd7e,reproduced,arm-06/dt600,True
NEX326-methods,685e1b3c507f40393aca13ef7e4976ae8c409adfccc701aa8203c1cd9e6b7a58,0fdef28876201cfb0c16271816e1c70f06c8e17e4410adfbadf404404864aa80,success,43b0bb43883e2e9775865289b7c604032c0e7b2ce8425babb8134ee3b665184b,True,685e1b3c507f40393aca13ef7e4976ae8c409adfccc701aa8203c1cd9e6b7a58,d8d79005d23cff089252d1c09012c9e4b1c79b4e52e390b0a157807d1ede77de,success,982f19279977bc2b8a719bd1a28f8f26aa6437aecddf4696faee90e3c5cc325f,reproduced,arm-07/full,True
NEX326-methods,0be82bef59798b79c1c8ddfecbf57142ef31b48a0301402ec342005e40a2e309,b6ad4112fb7a1ebbf8b290b707875123f092a6311dfd7b5ea8365d037707e22c,success,61543b21ee067b2395b2508079feda37a4e539cbe88f6dda1a438e6af4fac961,True,0be82bef59798b79c1c8ddfecbf57142ef31b48a0301402ec342005e40a2e309,d35ca90b8df622073789c168175f6339c9950c8a7618d8130bd80b60c3771128,success,71c52ea4f1e0e367ef69af714692ca36ff5de5ebeb6ef8466f5b174018ff66bf,reproduced,arm-08/qmle,True
NEX326-methods,260abbf02df7c6d38a6c98d2cece32349dedea1bb68536624a0e64b2ea5e04da,4cd944cad6f42bd79b9eb21604c77d4e7e4d3f2ea193dfe2c6abcfa75e9fd5fa,success,e781a4a97fc9bd9f8f412b12c8ed32e8828ff5aa3f631cc0662a6cb26c4ddbd2,True,260abbf02df7c6d38a6c98d2cece32349dedea1bb68536624a0e64b2ea5e04da,1de1f4afd3506a0ac45fda60425e8f2f5347679dfff0c5d7af44efe021092ebb,success,5bccbb53a2efe5512b09384e846520a4d1de3db8b4c7330dea3869aff8c23322,reproduced,arm-09/mixed,True
NEX326-methods,f682d5c140cc9e7ea1116a027d612e35a011787c27fe37a4cdeb8acb3fd591ce,5a4c7e013ae9f22210dac1c8db491fdda4b2579da21035312eab2529df1812e4,success,65b9d380129daab8fe86e08b406be5f8eea46b8e81bf4fd30745f27a14b4ce05,True,f682d5c140cc9e7ea1116a027d612e35a011787c27fe37a4cdeb8acb3fd591ce,7b53310ef52650f68d2f77ef989e18ac124050a9c32d34cc8247a30fc2448e07,success,c5d04181e7b81a124f2092077670312c48c63d188a264a26bb1ec566cd36e6a3,reproduced,arm-09/pure_es,True
NEX326-methods,cea520b1caae17150c2cab421b5a614057f8f317193f02dde76f137f1d412b5c,59c0670e3e2ecf3deccdef561c6f44c5a1182ab69a7690d503c3842714f0727a,success,479fe018cbd39fd5d3570a54b559945769f74c959398ccf26a1e64d840788031,True,cea520b1caae17150c2cab421b5a614057f8f317193f02dde76f137f1d412b5c,ff7e19ee33e32c1009c196e3499adce3d0ef634e5cf9b2dc9b4390a119c32fe5,success,37e0b4a1f062b703f04ceb70865f128fbde8ad099e25f6c0ee986b63f61d4b34,reproduced,arm-10/d2_closed,True
NEX326-methods,af018a9c886baae639259ea10c9a2969f68e991b05ff6bb32a1af5e3e2b3d3e4,cf65323227878c404fe44efef3eb8296e02d5357eba46e43b490639f9f6cd82b,success,ba17b9ac3acf0b4355c7ad0b3f92867a7756203358fdf044e35fdfc02e715793,True,af018a9c886baae639259ea10c9a2969f68e991b05ff6bb32a1af5e3e2b3d3e4,d7912e4d6ca89c9cb06e68d85e14a136b4fb5e2405f5f3d22e6a37a49b48fbdd,success,5bfe29fe7cca89fd42138a49e798846c70021cfe9ed156c52e5733fc1ed6e179,reproduced,arm-10/d2_mc,True
NEX326-methods,8411ec0e39bac93b427067a7f6baeac3062a61d839a6bfad91ea2046f1b1f7e9,7cf58cfe7aba9448e1062049439fbc26363678b6a117c7137a69a4e22c247296,success,2499c0b57c6236eacd3b088912c0b0b69f3f748e859477d416b7e50482fe6dc0,True,8411ec0e39bac93b427067a7f6baeac3062a61d839a6bfad91ea2046f1b1f7e9,b6dfd50e184047aca4971b98524ca9d8a8a36f8c0782bcc2d689eb48e3db0484,success,3383bc0cd31bf5c28577c69ab944c290d3005de899439c6eaa35444acadcceb1,reproduced,arm-11/full,True
NEX326-methods,eb53cc87b7fb91f03ff9cf33b279790cca52629523f7ef8feffad615420b7646,b4e2e3c9a98e4d70504484a9d48da18d9d32f524e2f154bf4d5d5be3435a4137,success,ba2b2ee1e40fb15449e113611c2ba362a401dc9e633cd6b74d33738d7d8a4a7f,True,eb53cc87b7fb91f03ff9cf33b279790cca52629523f7ef8feffad615420b7646,827f44c019e01d755234cb4d9a64ebccb0eeac604c4b17f988220762b129137e,success,773f7412269330a8cb43fdca2bbef0b33c6c42ba4e7e6fe46508ae454b6e24cc,reproduced,arm-12/scratch,True
NEX326-methods,b61f55ee3c30597867c6c244667a02fbd6ec04af239e7895dc7d2d7507a540a3,59becf064d6911101949bca4c384df5d69a7c23524b524c6bf746153676465dc,success,66fe6ca3b73f3dcdbc71e3183f5f42d1869f81401dd66a9c4ec8ecf234f5926f,True,b61f55ee3c30597867c6c244667a02fbd6ec04af239e7895dc7d2d7507a540a3,3e9a061f27e97e00757f44c634a85ff8a80035e4dc31c1287315d43ca139132e,success,7298e61ae1b0571cc4cbcd3b82958c27bf94f77815872dd4876c54c4373f09de,reproduced,arm-14/reptile,True
NEX326-methods,96bc8952f06ffb016469e955556cb7ddaf147f8665694b91da3ff23f61b62c5d,fb8d5d995eb07d584a086d996055199fbc67f94f5e312590bf5e4ace1c1b8d25,success,d8784bbbbaf3783c1bdd270c3a6953ac874f849ed77f67d499005497389fdd8d,True,96bc8952f06ffb016469e955556cb7ddaf147f8665694b91da3ff23f61b62c5d,87bbd5996ad6657caeec807d3f1ce663f06e300923a872d8b85ff607b0b75488,success,d7f3272d25487d7521020ad734278cb93410b1fb13c11c202aaafd43a72fab95,reproduced,arm-15/drift_only,True
NEX326-methods,1739368711be818a2ca6a71994dc827eab0ffe309e2d9416242d7adb894f1095,f30908b47fa20a51a5cf1e05333091b8733284dd1fb1166aee1e979e604e98db,success,3b547ef46169dcf9621a6f48dfb8ceaf5708510fed7338eb10c28e548b8e4dc9,True,1739368711be818a2ca6a71994dc827eab0ffe309e2d9416242d7adb894f1095,8d3ad43983e8d77fc15092dad1db79773fda91aea54c0a93feb36c5106a641cd,success,a4c646846d07c8bea33ec53bfaba195d54e57956ec70a1952259e56e6be9e540,reproduced,arm-15/two_step,True
NEX326-methods,316053307fcd40cbc0e0e0d35b6a5dc5be0cec349fa0d75a9c6bab81c55f71d7,1277b5fe0285ea525ca29326064197647b9c9c1f941dea8a6de45c73dd16572b,success,2f691c27c0584977707dec1bfe1e0c6ed9d809a139464e1bff8f143baa674026,True,316053307fcd40cbc0e0e0d35b6a5dc5be0cec349fa0d75a9c6bab81c55f71d7,05ae7e7e068310fe15cc3fded9b9d53b9e586bee2d68189834eb4aa71c1a1d1a,success,0e7ea02ac9ae72f7334f2c5168b6cd34e6c695ab22eb5e35e45b634ff323f24b,reproduced,arm-16/full,True
NEX326-methods,484dfd5161e413365a9c1e64ffa3661dfffdad25129224d1c439931be87a382a,a04bdb517003f67d2630cc6f5f86a77e76ec6b81c54714d79c44f395b96a920f,success,db04fa70fbf8cdc15f4648ea6d4a0487dc6ea59a04e7c290823f479f900b1b1f,True,484dfd5161e413365a9c1e64ffa3661dfffdad25129224d1c439931be87a382a,5d5e3c2f1e41589262c3323e297ae0b35b81e1367be3f44d7559c6d80aabb810,success,3cb57ae4f8728bbb67333a19b3741520ef16d43524d852be0122dfceb73347dc,reproduced,arm-18/full,True
NEX326-methods,d7ca6016fee9e3f3376499847ea3606d82b56ac03a8022adc4c8d779616765cd,a080b5428dffc18f172ee1818524e38f4d3b7c18434217d6457fad27e2265f29,success,aa70a186674fddb7b82548e8ccc989f3da639894779bddf625ab0b7f655a63ad,True,d7ca6016fee9e3f3376499847ea3606d82b56ac03a8022adc4c8d779616765cd,5e0b7f6e05c76e586e532340cfb358281b077e40a067e87ce2c50f90e4452e51,success,c6fd2c8f0714eedbbccb2974aa5c0577f30de38102628e9dfd69213e6189e6f1,reproduced,arm-19/em,True
NEX326-methods,80f72da67a10bb131f2a9df8cbcc5f2b71efe61be834beabd097f2abda4a7439,70b31ba30c489146263fcff6f271ed46950e656dce383a0237f1fd0199fd59f1,success,e3c707332ddcc079dcbca71c24ee6f56f9f9d40e3c096f3f80bce03ef1349aa1,True,80f72da67a10bb131f2a9df8cbcc5f2b71efe61be834beabd097f2abda4a7439,38bad5bd00200b26a2252fa368d9d5dd3c73b6c2267c0d0fc66d727f959cb6a8,success,7df5ff290fc994c4c827c9f37cfb5dfa3bf68d536a8331a9ba6517adc9ee7d08,reproduced,arm-19/euler,True
NEX326-methods,862395d3dc335ccfff8844accee18a6a8fcbe4398e995186bf528b1170ce0976,a2f5a266122946df193a2006a082c96433cae01b92f636ec762ecb653ef57ed3,success,35369b0dd8e986be0dbd01b6530f49e2b23d52dee2afe1d1ea917ffa7cc4b2ad,True,862395d3dc335ccfff8844accee18a6a8fcbe4398e995186bf528b1170ce0976,935076841defcc413b8d1bff1ef9eb5728b016361b456e4b55af85de53722cf6,success,dd6d3070fbf2aa923c30d298831553131640ee5e6851b70064dcca9459669e50,reproduced,arm-20/full,True
NEX326-methods,0bd3d3bb1cca23d8cdf8025d55ad0efc12d075aa2752a0e74c6c511287ec469a,0de0d153edb1b062f4feef3767e36b3987589f85afab8186fba34b97a94f8949,success,bb4b4e970787757d68996120533df6cbad52e7e5950affec86b14504891abd6f,True,0bd3d3bb1cca23d8cdf8025d55ad0efc12d075aa2752a0e74c6c511287ec469a,6842eb3e32df93cfdfa5bee58c63fd74bf7dbcbaf39b0e881145216e87accbf5,success,d5cc676edc4e2c88339f875c8bd6ffbacf21b47c33d7369b3cd5358dccff4a62,reproduced,arm-21/crn,True
NEX326-methods,9ccb388451f37b32813e7b69303a3ed895803d2a976847fec5fb843462caa2e1,124dfb8bd97f2219e649eb70993c57bd470ced6838271b2b72ba391d64dc1984,success,d6776302d3ac58c4f4ce55b14ad53e4e07008f1705968e395ad26fad7447a349,True,9ccb388451f37b32813e7b69303a3ed895803d2a976847fec5fb843462caa2e1,e3dfd5c80a3db4a9fd154f82856c5873a22487dd3cefb11a4dee24237daca2f1,success,4c54f0a3054893af49a1c6c1cad2c88eac5dc0e1a605c90cdefbef686dff9991,reproduced,arm-21/mc,True
terrain,175ef8cda57e85aa37262ddbbc8035a17ef6719396388f224fab71aac3b18f73,3f0debf9841224a8187a020302ba820f478e98f385ab9d9c3b5924e423958911,success,2ff3a3286260093597bcdba2815cef388f8f1a8bb1385a13eafe461e56c60ef8,True,175ef8cda57e85aa37262ddbbc8035a17ef6719396388f224fab71aac3b18f73,fe41cce0bdc65a7ccef4906b35f7b24390a250aaf81c9863c3c3c2e418c2e2a5,success,9f9f60c42971a23bc1b86beff84186aeb330bc9c982d88664bb9139226089edb,reproduced,all-terrain,True
terrain,8543aafec54cd42d10a090bc2afee7516289740024c440615915d0afd1c7a8ce,ec09c8a5cb9efcf82da4e8db16794c81cb8f46ba13ccb4ba33fc34832afebddc,success,a2e97788cfd7e557776b0d46e977ef047242d9e3354d306375714f0f7d236ce2,True,8543aafec54cd42d10a090bc2afee7516289740024c440615915d0afd1c7a8ce,574db2b6595eb3601aea34900a5f08aa342636fd76417970ee56400841897170,success,0d40ad4e91a6987d84785708b8c180ea6da95933964eeb858b80b6a135208175,reproduced,base,True
terrain,54ccf88537bf5df061a6ed019edc841d4eb6679d631f535f404ac3243252616e,1ff466e28d0e66baab36882187477a2a81ab1ce273951deb31544dd000369073,success,d90e91d93a9a107a9f4db91d380807e3d95b6102a791868654e2eab1491f440f,True,54ccf88537bf5df061a6ed019edc841d4eb6679d631f535f404ac3243252616e,9adf402bab20d740ed3d6188c725f0548d3dfd6333c34ea82657f47ea44defc8,success,347f6b0c8484d46d17856928977238d1148f96a3b8fb058562a27992744faad4,reproduced,lio-river,True
terrain,90826d143401f9236b6e3bb96d3b7fe81c9eba50abc9848815b6a3834719ba2f,110410b21d813a82dd93515d00b737102bff76cf760f1af4c7a7cce9168bb6f7,success,ecaeaa737d6af6aced9cbcac5d49816fddab10a645c8e9c75e39e134ae3fc4f4,True,90826d143401f9236b6e3bb96d3b7fe81c9eba50abc9848815b6a3834719ba2f,d23a83b60985dc4b649bfb01b6dc7e81621eb3507573d02b2ed2a6b577053a2b,success,2a6ae61b2ef765c77a2feae0263d3dffc279016b60f2c8f58fdd725601090da1,reproduced,lio-road,True
terrain,fe0395676b27f77f2f156d9289390c9132851a99a0073d0a6653b727b0a5d8f8,dca428577256092d4ad2bcd3cd83de68010a4d02efc09dbc2c800b6709b71cbb,success,3d92a2ff1143def25fef2dc42b8535e178198b28761c15392dd9a4806ef164d8,True,fe0395676b27f77f2f156d9289390c9132851a99a0073d0a6653b727b0a5d8f8,81c37be8f2926e9eb0835f1f87aeceb3c76e9263de97b55f1c3fdb9269cc79a2,success,7de4974d201e15f000d29331c2919c9c8ade73204af25d9d84c5f5d0f4fa06e9,reproduced,lio-surface,True
terrain,11dfe4c1599c39779340e7374a8a4ce0154851d1fb53e8f469b2ed75ee00314c,30a22660f40dc995362f7f1b2dfe4c650d2d7073fb9223bc2ff28cf1cfecf4c1,success,a20ac32de3bdb23791b3d1c42a6da424d4d24b7e52ea067931faff10c5c4f331,True,11dfe4c1599c39779340e7374a8a4ce0154851d1fb53e8f469b2ed75ee00314c,1ce20e00db03b9fc52c663a3d4c3de741a0858923e98feebcc849c07b5ea5723,success,ff762906787ff4e134d41ce4013b3eb50d00f65d5e16fc6e6835c4a03a9de4e2,reproduced,lio-worldcover,True
terrain,70578fa54b83ceb1125804cb47028f359f38fd202cebe8b911f1961521291af3,21d6a7ac60dd469543c6cb9808a54c5adae027448299fb087365ec423f5974a9,success,2c17deb3ab960057f5055a68db755cd21bcaf931287186cb0d1ce00ea0b2378c,True,70578fa54b83ceb1125804cb47028f359f38fd202cebe8b911f1961521291af3,3363c69d3e7f330a13d5f262cb43443d7bcd096339e3a9834d61675a2e51bddb,success,bfb565621eab3388f2fc38d3898361ca8ab1d27212d8472919fa02f0c133cf0c,reproduced,loo-river,True
terrain,8567e26ff9c32aaaedb5b882f5e0266fb9df73212f137ec7feaee36fc4ba926c,4bf865cadc191e1a509572ac3ba467dff124f10e21f3cfe93b87536dd68d757f,success,d9350224880f16ef4deb4a8b611822c1a9b1b89288bc64f8c44c747f8211781c,True,8567e26ff9c32aaaedb5b882f5e0266fb9df73212f137ec7feaee36fc4ba926c,3f6b7847fb8ba6d25d7f502507432ef30fea00b8ed2c1544819c5a10f3f1f99d,success,1d4be4c460dc0dfa767bc40a6536abed5f8b67b0f989d2c8ff6cea7eb01ecc79,reproduced,loo-road,True
terrain,93314fbd22fc25b1485a81737d3922d7d8fd98ccf44c4782ad8e426272b9d4e1,6fcc46e5273eae764a0cd675b1a314a7f15a6e68d91b7aa88d338a527d49fe2d,success,24c88c042dbea7e91ae200cac70bae576190749d1a60d6dc7ba60a31ad33f42f,True,93314fbd22fc25b1485a81737d3922d7d8fd98ccf44c4782ad8e426272b9d4e1,93cd0780bb1be0b7999454d20fdfea9f2d4e0ee330410c6ac76502232c33c1d5,success,ab6a7d53fc3289045454f9e23bdcbeba6008c9162bd895ce01fc08f750b2a860,reproduced,loo-surface,True
terrain,738dbfb670c8f00314f8311b8f3f2288c8595bf33b38002bc178664975d3d511,4625e0e3c06ffa6cb10fad2f9fd6c88ffc1fb47de62406c3a098d619c124b5fa,success,b68869ca43381bac83b13a263cd2667070313af31f11d0b69f637b49920d2713,True,738dbfb670c8f00314f8311b8f3f2288c8595bf33b38002bc178664975d3d511,c286d7f34167d867eb298a0744e4ac03f97b95bbcfdcb5d16b66335b06b732d0,success,ce5cde2662c8dc9b4a6f92915e934babc71c093aec3fea437739acc300cae32b,reproduced,loo-worldcover,True
