matrix,subject,condition,counts_by_status,observed_process_lifetime_peak_rss_bytes,observed_sampled_peak_rss_bytes,reason,required_trials,status,successful_inclusive_stage_p50_ms,summary,warmup_excluded_from_latency_quantiles,memory_scope
NEX326-methods,arm-01/full,runtime_cold,"{""success"":5}",18618798080,3621117952,,5,computed,"{""checkpoint_and_input_io"":0.0,""rollout"":633.7104,""terrain_io_and_query"":0.0}","{""failure_count"":0,""failure_rate"":0.0,""latency_denominator"":""successful_trials_only; all failures retained separately"",""mean_ms_per_forecast_minute"":20.770451526929488,""success_count"":5,""total_latency_p50_ms"":633.7389,""total_latency_p95_ms"":646.10484,""trial_count"":5}",True,Sampled process RSS is a lower bound; process lifetime peak is not per-trial peak. CPU only.
NEX326-methods,arm-01/full,runtime_warm,"{""success"":5}",18618798080,3621171200,,5,computed,"{""checkpoint_and_input_io"":0.0,""rollout"":634.5407,""terrain_io_and_query"":0.0}","{""failure_count"":0,""failure_rate"":0.0,""latency_denominator"":""successful_trials_only; all failures retained separately"",""mean_ms_per_forecast_minute"":20.845132704053302,""success_count"":5,""total_latency_p50_ms"":634.5753,""total_latency_p95_ms"":670.97208,""trial_count"":5}",True,Sampled process RSS is a lower bound; process lifetime peak is not per-trial peak. CPU only.
NEX326-methods,arm-04/gmm_kernel,runtime_cold,"{""success"":5}",18618798080,3622006784,,5,computed,"{""checkpoint_and_input_io"":0.0,""rollout"":643.2599,""terrain_io_and_query"":0.0}","{""failure_count"":0,""failure_rate"":0.0,""latency_denominator"":""successful_trials_only; all failures retained separately"",""mean_ms_per_forecast_minute"":21.656391338145475,""success_count"":5,""total_latency_p50_ms"":643.2974,""total_latency_p95_ms"":695.57478,""trial_count"":5}",True,Sampled process RSS is a lower bound; process lifetime peak is not per-trial peak. CPU only.
NEX326-methods,arm-04/gmm_kernel,runtime_warm,"{""success"":5}",18618798080,3622019072,,5,computed,"{""checkpoint_and_input_io"":0.0,""rollout"":647.4475,""terrain_io_and_query"":0.0}","{""failure_count"":0,""failure_rate"":0.0,""latency_denominator"":""successful_trials_only; all failures retained separately"",""mean_ms_per_forecast_minute"":21.633377456968354,""success_count"":5,""total_latency_p50_ms"":647.4836,""total_latency_p95_ms"":690.84884,""trial_count"":5}",True,Sampled process RSS is a lower bound; process lifetime peak is not per-trial peak. CPU only.
NEX326-methods,arm-05/explicit_decomp,runtime_cold,"{""success"":5}",18618798080,3622273024,,5,computed,"{""checkpoint_and_input_io"":0.0,""rollout"":808.8281,""terrain_io_and_query"":0.0}","{""failure_count"":0,""failure_rate"":0.0,""latency_denominator"":""successful_trials_only; all failures retained separately"",""mean_ms_per_forecast_minute"":27.079371904497506,""success_count"":5,""total_latency_p50_ms"":808.8658,""total_latency_p95_ms"":878.5444200000001,""trial_count"":5}",True,Sampled process RSS is a lower bound; process lifetime peak is not per-trial peak. CPU only.
NEX326-methods,arm-05/explicit_decomp,runtime_warm,"{""success"":5}",18618798080,3622289408,,5,computed,"{""checkpoint_and_input_io"":0.0,""rollout"":784.8886,""terrain_io_and_query"":0.0}","{""failure_count"":0,""failure_rate"":0.0,""latency_denominator"":""successful_trials_only; all failures retained separately"",""mean_ms_per_forecast_minute"":26.35312537479178,""success_count"":5,""total_latency_p50_ms"":784.9253,""total_latency_p95_ms"":822.44184,""trial_count"":5}",True,Sampled process RSS is a lower bound; process lifetime peak is not per-trial peak. CPU only.
NEX326-methods,arm-21/crn,runtime_cold,"{""success"":5}",18618798080,3624673280,,5,computed,"{""checkpoint_and_input_io"":0.0,""rollout"":530.8527,""terrain_io_and_query"":0.0}","{""failure_count"":0,""failure_rate"":0.0,""latency_denominator"":""successful_trials_only; all failures retained separately"",""mean_ms_per_forecast_minute"":18.31857234869517,""success_count"":5,""total_latency_p50_ms"":530.884,""total_latency_p95_ms"":615.5868399999999,""trial_count"":5}",True,Sampled process RSS is a lower bound; process lifetime peak is not per-trial peak. CPU only.
NEX326-methods,arm-21/crn,runtime_warm,"{""success"":5}",18618798080,3624681472,,5,computed,"{""checkpoint_and_input_io"":0.0,""rollout"":538.1764,""terrain_io_and_query"":0.0}","{""failure_count"":0,""failure_rate"":0.0,""latency_denominator"":""successful_trials_only; all failures retained separately"",""mean_ms_per_forecast_minute"":17.91195891171572,""success_count"":5,""total_latency_p50_ms"":538.2094,""total_latency_p95_ms"":545.61206,""trial_count"":5}",True,Sampled process RSS is a lower bound; process lifetime peak is not per-trial peak. CPU only.
NEX326-methods,arm-21/mc,runtime_cold,"{""success"":5}",18618798080,3624681472,,5,computed,"{""checkpoint_and_input_io"":0.0,""rollout"":524.0048,""terrain_io_and_query"":0.0}","{""failure_count"":0,""failure_rate"":0.0,""latency_denominator"":""successful_trials_only; all failures retained separately"",""mean_ms_per_forecast_minute"":17.451433425874512,""success_count"":5,""total_latency_p50_ms"":524.0362,""total_latency_p95_ms"":547.33168,""trial_count"":5}",True,Sampled process RSS is a lower bound; process lifetime peak is not per-trial peak. CPU only.
NEX326-methods,arm-21/mc,runtime_warm,"{""success"":5}",18618798080,3624681472,,5,computed,"{""checkpoint_and_input_io"":0.0,""rollout"":551.3688,""terrain_io_and_query"":0.0}","{""failure_count"":0,""failure_rate"":0.0,""latency_denominator"":""successful_trials_only; all failures retained separately"",""mean_ms_per_forecast_minute"":18.26861476957246,""success_count"":5,""total_latency_p50_ms"":551.4022,""total_latency_p95_ms"":569.88386,""trial_count"":5}",True,Sampled process RSS is a lower bound; process lifetime peak is not per-trial peak. CPU only.
terrain,all-terrain,runtime_cold,"{""success"":5}",18618798080,5387100160,,5,computed,"{""checkpoint_and_input_io"":1393.9163,""rollout"":543099.3812,""terrain_io_and_query"":510773.7220999996}","{""failure_count"":0,""failure_rate"":0.0,""latency_denominator"":""successful_trials_only; all failures retained separately"",""mean_ms_per_forecast_minute"":33422.162166129936,""success_count"":5,""total_latency_p50_ms"":544280.3561,""total_latency_p95_ms"":2516814.0229399996,""trial_count"":5}",True,Sampled process RSS is a lower bound; process lifetime peak is not per-trial peak. CPU only.
terrain,all-terrain,runtime_warm,"{""success"":5}",18618798080,5374148608,,5,computed,"{""checkpoint_and_input_io"":0.0,""rollout"":363794.0808,""terrain_io_and_query"":343838.7529999999}","{""failure_count"":0,""failure_rate"":0.0,""latency_denominator"":""successful_trials_only; all failures retained separately"",""mean_ms_per_forecast_minute"":12913.127630205441,""success_count"":5,""total_latency_p50_ms"":363794.1419,""total_latency_p95_ms"":460482.09742,""trial_count"":5}",True,Sampled process RSS is a lower bound; process lifetime peak is not per-trial peak. CPU only.
terrain,base,runtime_cold,"{""success"":5}",18618798080,1253253120,,5,computed,"{""checkpoint_and_input_io"":973.8921,""rollout"":2251.4877,""terrain_io_and_query"":0.0}","{""failure_count"":0,""failure_rate"":0.0,""latency_denominator"":""successful_trials_only; all failures retained separately"",""mean_ms_per_forecast_minute"":111.75877978900611,""success_count"":5,""total_latency_p50_ms"":3220.8707,""total_latency_p95_ms"":3791.3351999999995,""trial_count"":5}",True,Sampled process RSS is a lower bound; process lifetime peak is not per-trial peak. CPU only.
terrain,base,runtime_warm,"{""success"":5}",18618798080,1250770944,,5,computed,"{""checkpoint_and_input_io"":0.0,""rollout"":1952.7796,""terrain_io_and_query"":0.0}","{""failure_count"":0,""failure_rate"":0.0,""latency_denominator"":""successful_trials_only; all failures retained separately"",""mean_ms_per_forecast_minute"":64.65969528039977,""success_count"":5,""total_latency_p50_ms"":1952.8114,""total_latency_p95_ms"":2020.20378,""trial_count"":5}",True,Sampled process RSS is a lower bound; process lifetime peak is not per-trial peak. CPU only.
terrain,lio-river,runtime_cold,"{""success"":5}",18618798080,3420508160,,5,computed,"{""checkpoint_and_input_io"":985.9615,""rollout"":388914.9413,""terrain_io_and_query"":382407.02640000015}","{""failure_count"":0,""failure_rate"":0.0,""latency_denominator"":""successful_trials_only; all failures retained separately"",""mean_ms_per_forecast_minute"":15573.744033981124,""success_count"":5,""total_latency_p50_ms"":389814.3822,""total_latency_p95_ms"":622399.74648,""trial_count"":5}",True,Sampled process RSS is a lower bound; process lifetime peak is not per-trial peak. CPU only.
terrain,lio-river,runtime_warm,"{""success"":5}",18618798080,3324801024,,5,computed,"{""checkpoint_and_input_io"":0.0,""rollout"":487411.8717,""terrain_io_and_query"":478032.96230000013}","{""failure_count"":0,""failure_rate"":0.0,""latency_denominator"":""successful_trials_only; all failures retained separately"",""mean_ms_per_forecast_minute"":16077.54288772904,""success_count"":5,""total_latency_p50_ms"":487411.9193,""total_latency_p95_ms"":499711.17692,""trial_count"":5}",True,Sampled process RSS is a lower bound; process lifetime peak is not per-trial peak. CPU only.
terrain,lio-road,runtime_cold,"{""success"":5}",18618798080,3513495552,,5,computed,"{""checkpoint_and_input_io"":1025.3682,""rollout"":427672.3392,""terrain_io_and_query"":420673.4026999999}","{""failure_count"":0,""failure_rate"":0.0,""latency_denominator"":""successful_trials_only; all failures retained separately"",""mean_ms_per_forecast_minute"":14963.187290172127,""success_count"":5,""total_latency_p50_ms"":428697.7722,""total_latency_p95_ms"":510211.89519999997,""trial_count"":5}",True,Sampled process RSS is a lower bound; process lifetime peak is not per-trial peak. CPU only.
terrain,lio-road,runtime_warm,"{""success"":5}",18618798080,3528302592,,5,computed,"{""checkpoint_and_input_io"":0.0,""rollout"":306361.1328,""terrain_io_and_query"":299655.5136999999}","{""failure_count"":0,""failure_rate"":0.0,""latency_denominator"":""successful_trials_only; all failures retained separately"",""mean_ms_per_forecast_minute"":10119.55526685175,""success_count"":5,""total_latency_p50_ms"":306361.174,""total_latency_p95_ms"":307783.04552,""trial_count"":5}",True,Sampled process RSS is a lower bound; process lifetime peak is not per-trial peak. CPU only.
terrain,lio-surface,runtime_cold,"{""success"":5}",18618798080,3584364544,,5,computed,"{""checkpoint_and_input_io"":1004.9508,""rollout"":415878.8488,""terrain_io_and_query"":405151.2081000001}","{""failure_count"":0,""failure_rate"":0.0,""latency_denominator"":""successful_trials_only; all failures retained separately"",""mean_ms_per_forecast_minute"":14838.569011215992,""success_count"":5,""total_latency_p50_ms"":416777.0479,""total_latency_p95_ms"":548378.07296,""trial_count"":5}",True,Sampled process RSS is a lower bound; process lifetime peak is not per-trial peak. CPU only.
terrain,lio-surface,runtime_warm,"{""success"":5}",18618798080,3513434112,,5,computed,"{""checkpoint_and_input_io"":0.0,""rollout"":499078.05,""terrain_io_and_query"":483752.3539999997}","{""failure_count"":0,""failure_rate"":0.0,""latency_denominator"":""successful_trials_only; all failures retained separately"",""mean_ms_per_forecast_minute"":16457.514117268183,""success_count"":5,""total_latency_p50_ms"":499078.103,""total_latency_p95_ms"":533342.93674,""trial_count"":5}",True,Sampled process RSS is a lower bound; process lifetime peak is not per-trial peak. CPU only.
terrain,lio-worldcover,runtime_cold,"{""success"":5}",18618798080,3488579584,,5,computed,"{""checkpoint_and_input_io"":1368.0503,""rollout"":523764.1741,""terrain_io_and_query"":515756.7738999998}","{""failure_count"":0,""failure_rate"":0.0,""latency_denominator"":""successful_trials_only; all failures retained separately"",""mean_ms_per_forecast_minute"":17730.116887729037,""success_count"":5,""total_latency_p50_ms"":525180.315,""total_latency_p95_ms"":568101.59208,""trial_count"":5}",True,Sampled process RSS is a lower bound; process lifetime peak is not per-trial peak. CPU only.
terrain,lio-worldcover,runtime_warm,"{""success"":5}",18618798080,3281854464,,5,computed,"{""checkpoint_and_input_io"":0.0,""rollout"":444974.0589,""terrain_io_and_query"":437356.3969999997}","{""failure_count"":0,""failure_rate"":0.0,""latency_denominator"":""successful_trials_only; all failures retained separately"",""mean_ms_per_forecast_minute"":15364.81575791227,""success_count"":5,""total_latency_p50_ms"":444974.108,""total_latency_p95_ms"":496369.67224,""trial_count"":5}",True,Sampled process RSS is a lower bound; process lifetime peak is not per-trial peak. CPU only.
terrain,loo-river,runtime_cold,"{""success"":5}",18618798080,3462717440,,5,computed,"{""checkpoint_and_input_io"":1611.2752,""rollout"":648242.9812,""terrain_io_and_query"":620323.8924000001}","{""failure_count"":0,""failure_rate"":0.0,""latency_denominator"":""successful_trials_only; all failures retained separately"",""mean_ms_per_forecast_minute"":21402.03148051083,""success_count"":5,""total_latency_p50_ms"":650146.1273,""total_latency_p95_ms"":754421.9854799999,""trial_count"":5}",True,Sampled process RSS is a lower bound; process lifetime peak is not per-trial peak. CPU only.
terrain,loo-river,runtime_warm,"{""success"":5}",18618798080,3356254208,,5,computed,"{""checkpoint_and_input_io"":0.0,""rollout"":536506.5731,""terrain_io_and_query"":511182.80220000027}","{""failure_count"":0,""failure_rate"":0.0,""latency_denominator"":""successful_trials_only; all failures retained separately"",""mean_ms_per_forecast_minute"":17130.156812215435,""success_count"":5,""total_latency_p50_ms"":536506.6248,""total_latency_p95_ms"":600983.42178,""trial_count"":5}",True,Sampled process RSS is a lower bound; process lifetime peak is not per-trial peak. CPU only.
terrain,loo-road,runtime_cold,"{""success"":5}",18618798080,3453276160,,5,computed,"{""checkpoint_and_input_io"":1539.1667,""rollout"":588860.7586,""terrain_io_and_query"":564701.9219000002}","{""failure_count"":0,""failure_rate"":0.0,""latency_denominator"":""successful_trials_only; all failures retained separately"",""mean_ms_per_forecast_minute"":20420.546816435315,""success_count"":5,""total_latency_p50_ms"":590770.2116,""total_latency_p95_ms"":738658.6791,""trial_count"":5}",True,Sampled process RSS is a lower bound; process lifetime peak is not per-trial peak. CPU only.
terrain,loo-road,runtime_warm,"{""success"":5}",18618798080,3310632960,,5,computed,"{""checkpoint_and_input_io"":0.0,""rollout"":459157.5497,""terrain_io_and_query"":436815.4881999998}","{""failure_count"":0,""failure_rate"":0.0,""latency_denominator"":""successful_trials_only; all failures retained separately"",""mean_ms_per_forecast_minute"":16094.623084730707,""success_count"":5,""total_latency_p50_ms"":459157.5968,""total_latency_p95_ms"":532950.97438,""trial_count"":5}",True,Sampled process RSS is a lower bound; process lifetime peak is not per-trial peak. CPU only.
terrain,loo-surface,runtime_cold,"{""success"":5}",18618798080,3533918208,,5,computed,"{""checkpoint_and_input_io"":944.3567,""rollout"":423440.6675,""terrain_io_and_query"":407561.5406000004}","{""failure_count"":0,""failure_rate"":0.0,""latency_denominator"":""successful_trials_only; all failures retained separately"",""mean_ms_per_forecast_minute"":26402.448959466972,""success_count"":5,""total_latency_p50_ms"":424371.7022,""total_latency_p95_ms"":1938214.5833799997,""trial_count"":5}",True,Sampled process RSS is a lower bound; process lifetime peak is not per-trial peak. CPU only.
terrain,loo-surface,runtime_warm,"{""success"":5}",18618798080,3519123456,,5,computed,"{""checkpoint_and_input_io"":0.0,""rollout"":336230.698,""terrain_io_and_query"":319942.66350000014}","{""failure_count"":0,""failure_rate"":0.0,""latency_denominator"":""successful_trials_only; all failures retained separately"",""mean_ms_per_forecast_minute"":10974.291485397003,""success_count"":5,""total_latency_p50_ms"":336230.7375,""total_latency_p95_ms"":346403.6428,""trial_count"":5}",True,Sampled process RSS is a lower bound; process lifetime peak is not per-trial peak. CPU only.
terrain,loo-worldcover,runtime_cold,"{""success"":5}",18618798080,3394678784,,5,computed,"{""checkpoint_and_input_io"":1306.398,""rollout"":510918.4883,""terrain_io_and_query"":487386.0706000001}","{""failure_count"":0,""failure_rate"":0.0,""latency_denominator"":""successful_trials_only; all failures retained separately"",""mean_ms_per_forecast_minute"":17222.34859255969,""success_count"":5,""total_latency_p50_ms"":512210.797,""total_latency_p95_ms"":572374.5391800001,""trial_count"":5}",True,Sampled process RSS is a lower bound; process lifetime peak is not per-trial peak. CPU only.
terrain,loo-worldcover,runtime_warm,"{""success"":5}",18618798080,3306528768,,5,computed,"{""checkpoint_and_input_io"":0.0,""rollout"":371740.5753,""terrain_io_and_query"":350958.30169999995}","{""failure_count"":0,""failure_rate"":0.0,""latency_denominator"":""successful_trials_only; all failures retained separately"",""mean_ms_per_forecast_minute"":12609.629776124377,""success_count"":5,""total_latency_p50_ms"":371740.618,""total_latency_p95_ms"":414041.22982,""trial_count"":5}",True,Sampled process RSS is a lower bound; process lifetime peak is not per-trial peak. CPU only.
