configuration,definition,fit_receipt_sha256,independent_fit_verified,owner_closure_verified,parameter_identity,status
all-terrain,"{""baseline_history_retained"":true,""card_ids"":[""terrain-overall"",""terrain-factor:road"",""terrain-factor:river"",""terrain-factor:worldcover"",""terrain-factor:surface""],""composition_ids"":[""road.log_distance_x_direction"",""river.log_distance_x_direction"",""worldcover.grouped_x_road_distance"",""surface.orientation_x_history""],""composition_owners"":{""river.log_distance_x_direction"":[""river""],""road.log_distance_x_direction"":[""road""],""surface.orientation_x_history"":[""history"",""surface""],""worldcover.grouped_x_road_distance"":[""road"",""worldcover""]},""conditioner_input_dimension"":56,""configuration_sha256"":""4f1c4ee9291470a3d0a4d275906e26678b97c6ae6652dbae7dfcf75666066f39"",""fit_identity"":""terrain-fit:all-terrain"",""included_factors"":[""road"",""river"",""worldcover"",""surface""],""numeric_input_dimension"":28,""removed_composition_ids"":[],""removed_factors"":[],""removed_variant_ids"":[],""retrain_independently"":true,""validity_input_dimension"":28,""variant_ids"":[""road.distance_log1p"",""road.direction"",""river.distance_log1p"",""river.direction"",""worldcover.grouped"",""surface.orientation"",""history.direction""]}",5d0016649be07e320e5266f305d311e877d689edc08eea8224e039cda1380d15,True,True,9760e5b6ffc99990457a5da969f1555bebd1df255be78ee84978f2a218416f75,computed
base,"{""baseline_history_retained"":true,""card_ids"":[""terrain-overall""],""composition_ids"":[],""composition_owners"":{},""conditioner_input_dimension"":4,""configuration_sha256"":""c475e6ffba2669e5386a726fa846eb4635f14e863a4528313f4cea2b5a199c00"",""fit_identity"":""terrain-fit:base"",""included_factors"":[],""numeric_input_dimension"":2,""removed_composition_ids"":[""road.log_distance_x_direction"",""river.log_distance_x_direction"",""worldcover.grouped_x_road_distance"",""surface.orientation_x_history""],""removed_factors"":[""road"",""river"",""worldcover"",""surface""],""removed_variant_ids"":[""road.distance_log1p"",""road.direction"",""river.distance_log1p"",""river.direction"",""worldcover.grouped"",""surface.orientation""],""retrain_independently"":true,""validity_input_dimension"":2,""variant_ids"":[""history.direction""]}",974ca99b402f369e37f040216db325506c1b02ae37e2cb512e6758b665fbbc51,True,True,a771d9745bed626ce5af1379a3b591e93d4a2673b60447460b705b71f80ec6e7,computed
lio-river,"{""baseline_history_retained"":true,""card_ids"":[""terrain-overall"",""terrain-factor:river""],""composition_ids"":[""river.log_distance_x_direction""],""composition_owners"":{""river.log_distance_x_direction"":[""river""]},""conditioner_input_dimension"":14,""configuration_sha256"":""c1b82393bfd70ce63f9496715236a9f09e3a5a4ebf2ac7545e7f0c49ca0542af"",""fit_identity"":""terrain-fit:lio-river"",""included_factors"":[""river""],""numeric_input_dimension"":7,""removed_composition_ids"":[""road.log_distance_x_direction"",""worldcover.grouped_x_road_distance"",""surface.orientation_x_history""],""removed_factors"":[""road"",""worldcover"",""surface""],""removed_variant_ids"":[""road.distance_log1p"",""road.direction"",""worldcover.grouped"",""surface.orientation""],""retrain_independently"":true,""validity_input_dimension"":7,""variant_ids"":[""river.distance_log1p"",""river.direction"",""history.direction""]}",5ff98bad9e48992ae973e97675e09be7b675d18f5c0d7a0e4fcb102e48b1bee8,True,True,52117b900ed5bcc2a516096d2b5faf7e71bc0ada8272dd84a292fb78f463b22b,computed
lio-road,"{""baseline_history_retained"":true,""card_ids"":[""terrain-overall"",""terrain-factor:road""],""composition_ids"":[""road.log_distance_x_direction""],""composition_owners"":{""road.log_distance_x_direction"":[""road""]},""conditioner_input_dimension"":14,""configuration_sha256"":""ce3ccb624e32379f88954fb85ef87dec65813a827e050af3db014f9cd5002392"",""fit_identity"":""terrain-fit:lio-road"",""included_factors"":[""road""],""numeric_input_dimension"":7,""removed_composition_ids"":[""river.log_distance_x_direction"",""worldcover.grouped_x_road_distance"",""surface.orientation_x_history""],""removed_factors"":[""river"",""worldcover"",""surface""],""removed_variant_ids"":[""river.distance_log1p"",""river.direction"",""worldcover.grouped"",""surface.orientation""],""retrain_independently"":true,""validity_input_dimension"":7,""variant_ids"":[""road.distance_log1p"",""road.direction"",""history.direction""]}",5d91f947c763d0e3f06dab34e22b96322c68933b38a7adc88b61796b63844a49,True,True,e95f437d0ed88fc2791130275f28669b6fda76f141990035d4105a190a80a725,computed
lio-surface,"{""baseline_history_retained"":true,""card_ids"":[""terrain-overall"",""terrain-factor:surface""],""composition_ids"":[""surface.orientation_x_history""],""composition_owners"":{""surface.orientation_x_history"":[""history"",""surface""]},""conditioner_input_dimension"":20,""configuration_sha256"":""d1ffc7862515dba167f0d80e0fba4e437d1dce7f61353157f0d1ef72f8a53e92"",""fit_identity"":""terrain-fit:lio-surface"",""included_factors"":[""surface""],""numeric_input_dimension"":10,""removed_composition_ids"":[""road.log_distance_x_direction"",""river.log_distance_x_direction"",""worldcover.grouped_x_road_distance""],""removed_factors"":[""road"",""river"",""worldcover""],""removed_variant_ids"":[""road.distance_log1p"",""road.direction"",""river.distance_log1p"",""river.direction"",""worldcover.grouped""],""retrain_independently"":true,""validity_input_dimension"":10,""variant_ids"":[""surface.orientation"",""history.direction""]}",07ec28b347d796280dc8930757cea2d148f9e206112bf0adff2b2741cdeceeb1,True,True,5ebcf77b109c574a4919a4763f8024fbb91f4305cc48c24f955bb7d12a03fec0,computed
lio-worldcover,"{""baseline_history_retained"":true,""card_ids"":[""terrain-overall"",""terrain-factor:worldcover""],""composition_ids"":[],""composition_owners"":{},""conditioner_input_dimension"":12,""configuration_sha256"":""5bdb28995ccc9fac6011a250a785e916e388181b1bc029cad8cf2d843cc84070"",""fit_identity"":""terrain-fit:lio-worldcover"",""included_factors"":[""worldcover""],""numeric_input_dimension"":6,""removed_composition_ids"":[""road.log_distance_x_direction"",""river.log_distance_x_direction"",""worldcover.grouped_x_road_distance"",""surface.orientation_x_history""],""removed_factors"":[""road"",""river"",""surface""],""removed_variant_ids"":[""road.distance_log1p"",""road.direction"",""river.distance_log1p"",""river.direction"",""surface.orientation""],""retrain_independently"":true,""validity_input_dimension"":6,""variant_ids"":[""worldcover.grouped"",""history.direction""]}",9de840d7c0d5a1e289b643f5649462771646c55fb3d047a70f9db8e4a6c4d827,True,True,d1bdf822e1448de90811ae02c968f1131750932f8628365026eb38aa1c877266,computed
loo-river,"{""baseline_history_retained"":true,""card_ids"":[""terrain-overall"",""terrain-factor:road"",""terrain-factor:worldcover"",""terrain-factor:surface""],""composition_ids"":[""road.log_distance_x_direction"",""worldcover.grouped_x_road_distance"",""surface.orientation_x_history""],""composition_owners"":{""road.log_distance_x_direction"":[""road""],""surface.orientation_x_history"":[""history"",""surface""],""worldcover.grouped_x_road_distance"":[""road"",""worldcover""]},""conditioner_input_dimension"":46,""configuration_sha256"":""2fed487f00e5a26adb7ebae672f81d6c20a0e1fc1db75c5b32a24e3b1ba89787"",""fit_identity"":""terrain-fit:loo-river"",""included_factors"":[""road"",""worldcover"",""surface""],""numeric_input_dimension"":23,""removed_composition_ids"":[""river.log_distance_x_direction""],""removed_factors"":[""river""],""removed_variant_ids"":[""river.distance_log1p"",""river.direction""],""retrain_independently"":true,""validity_input_dimension"":23,""variant_ids"":[""road.distance_log1p"",""road.direction"",""worldcover.grouped"",""surface.orientation"",""history.direction""]}",c0c34ef1c268970d5a9e77a72b02d8e2442f9aadd396cf1507ab38a717347d2d,True,True,5673ada90f0740488089774d9ef3a177563cdecc79061c0079af7e109fee9163,computed
loo-road,"{""baseline_history_retained"":true,""card_ids"":[""terrain-overall"",""terrain-factor:river"",""terrain-factor:worldcover"",""terrain-factor:surface""],""composition_ids"":[""river.log_distance_x_direction"",""surface.orientation_x_history""],""composition_owners"":{""river.log_distance_x_direction"":[""river""],""surface.orientation_x_history"":[""history"",""surface""]},""conditioner_input_dimension"":38,""configuration_sha256"":""e159a2316374b8ecb0b6bc341009d723d643c8f2933d48cbc794ea10bf5485a6"",""fit_identity"":""terrain-fit:loo-road"",""included_factors"":[""river"",""worldcover"",""surface""],""numeric_input_dimension"":19,""removed_composition_ids"":[""road.log_distance_x_direction"",""worldcover.grouped_x_road_distance""],""removed_factors"":[""road""],""removed_variant_ids"":[""road.distance_log1p"",""road.direction""],""retrain_independently"":true,""validity_input_dimension"":19,""variant_ids"":[""river.distance_log1p"",""river.direction"",""worldcover.grouped"",""surface.orientation"",""history.direction""]}",704dac2fdf3b6e2a0d77f21125ed3d5c800e2fef73e8b11c39458d9bf22251f0,True,True,233a3072e1c5f612ea2fcbc0031ade24bf236c00c4120a8bb874a1ad45488c50,computed
loo-surface,"{""baseline_history_retained"":true,""card_ids"":[""terrain-overall"",""terrain-factor:road"",""terrain-factor:river"",""terrain-factor:worldcover""],""composition_ids"":[""road.log_distance_x_direction"",""river.log_distance_x_direction"",""worldcover.grouped_x_road_distance""],""composition_owners"":{""river.log_distance_x_direction"":[""river""],""road.log_distance_x_direction"":[""road""],""worldcover.grouped_x_road_distance"":[""road"",""worldcover""]},""conditioner_input_dimension"":40,""configuration_sha256"":""9c9de885ef4891b98a0c367b79e12bfb3050a909b6824024f14a682de59456c5"",""fit_identity"":""terrain-fit:loo-surface"",""included_factors"":[""road"",""river"",""worldcover""],""numeric_input_dimension"":20,""removed_composition_ids"":[""surface.orientation_x_history""],""removed_factors"":[""surface""],""removed_variant_ids"":[""surface.orientation""],""retrain_independently"":true,""validity_input_dimension"":20,""variant_ids"":[""road.distance_log1p"",""road.direction"",""river.distance_log1p"",""river.direction"",""worldcover.grouped"",""history.direction""]}",7625a66c8f532e3501bad36d2fa5095345c1b8fa9ac193cd74d147b19a43f68b,True,True,2dc324bc96f503bc75831846cb4cbac3d9731c67b0deeb84919c8a96e998c3f8,computed
loo-worldcover,"{""baseline_history_retained"":true,""card_ids"":[""terrain-overall"",""terrain-factor:road"",""terrain-factor:river"",""terrain-factor:surface""],""composition_ids"":[""road.log_distance_x_direction"",""river.log_distance_x_direction"",""surface.orientation_x_history""],""composition_owners"":{""river.log_distance_x_direction"":[""river""],""road.log_distance_x_direction"":[""road""],""surface.orientation_x_history"":[""history"",""surface""]},""conditioner_input_dimension"":40,""configuration_sha256"":""5136c8ab88c68199c16c897e131e721bdd4debc63c37516205fd7f52f451113c"",""fit_identity"":""terrain-fit:loo-worldcover"",""included_factors"":[""road"",""river"",""surface""],""numeric_input_dimension"":20,""removed_composition_ids"":[""worldcover.grouped_x_road_distance""],""removed_factors"":[""worldcover""],""removed_variant_ids"":[""worldcover.grouped""],""retrain_independently"":true,""validity_input_dimension"":20,""variant_ids"":[""road.distance_log1p"",""road.direction"",""river.distance_log1p"",""river.direction"",""surface.orientation"",""history.direction""]}",96ec8824597f3fb80968096090db5c687832a5cf51872dbad7fb7704dabdb338,True,True,2846cc77e5c106ecfac82bf8d9563b418ba271f08a1be3637a103c038ca3b1a4,computed
