variant_id,definition,input_card_id,disposition,verdict,independent_variant_effect_tested,limitation
cliff.direction,"{""factor_id"":""osm_cliff"",""fit_scope"":""none"",""output_dim"":2,""transform"":""unit_vector"",""variant_id"":""cliff.direction""}",input:osm_cliff,not-selected,inconclusive,False,Group evidence does not identify a standalone transform effect; unselected variants are not rejected.
cliff.distance_log1p,"{""factor_id"":""osm_cliff"",""fit_scope"":""none"",""output_dim"":1,""transform"":""log1p"",""variant_id"":""cliff.distance_log1p""}",input:osm_cliff,not-selected,inconclusive,False,Group evidence does not identify a standalone transform effect; unselected variants are not rejected.
cliff.distance_raw,"{""factor_id"":""osm_cliff"",""fit_scope"":""none"",""output_dim"":1,""transform"":""identity"",""variant_id"":""cliff.distance_raw""}",input:osm_cliff,not-selected,inconclusive,False,Group evidence does not identify a standalone transform effect; unselected variants are not rejected.
elevation.absolute,"{""factor_id"":""dem_elevation"",""fit_scope"":""none"",""output_dim"":1,""transform"":""identity"",""variant_id"":""elevation.absolute""}",input:dem_elevation,not-selected,inconclusive,False,Group evidence does not identify a standalone transform effect; unselected variants are not rejected.
elevation.absolute_standardized,"{""factor_id"":""dem_elevation"",""fit_scope"":""train_only"",""output_dim"":1,""transform"":""clipped_standardize"",""variant_id"":""elevation.absolute_standardized""}",input:dem_elevation,not-selected,inconclusive,False,Group evidence does not identify a standalone transform effect; unselected variants are not rejected.
elevation.change_rate,"{""factor_id"":""dem_elevation"",""fit_scope"":""none"",""output_dim"":1,""transform"":""visible_time_difference"",""variant_id"":""elevation.change_rate""}",input:dem_elevation,not-selected,inconclusive,False,Group evidence does not identify a standalone transform effect; unselected variants are not rejected.
elevation.local,"{""factor_id"":""dem_local_elevation"",""fit_scope"":""none"",""output_dim"":2,""transform"":""identity"",""variant_id"":""elevation.local""}",input:dem_local_elevation,not-selected,inconclusive,False,Group evidence does not identify a standalone transform effect; unselected variants are not rejected.
elevation.local_standardized,"{""factor_id"":""dem_local_elevation"",""fit_scope"":""train_only"",""output_dim"":2,""transform"":""clipped_standardize"",""variant_id"":""elevation.local_standardized""}",input:dem_local_elevation,not-selected,inconclusive,False,Group evidence does not identify a standalone transform effect; unselected variants are not rejected.
history.direction,"{""factor_id"":""historical_motion"",""fit_scope"":""none"",""output_dim"":2,""transform"":""unit_vector"",""variant_id"":""history.direction""}",input:historical_motion,baseline-only,,False,Group evidence does not identify a standalone transform effect; unselected variants are not rejected.
history.relative_road,"{""factor_id"":""historical_motion"",""fit_scope"":""none"",""output_dim"":2,""transform"":""relative_heading_sin_cos"",""variant_id"":""history.relative_road""}",input:historical_motion,not-selected,inconclusive,False,Group evidence does not identify a standalone transform effect; unselected variants are not rejected.
jrc.attributes,"{""factor_id"":""jrc_surface_water"",""fit_scope"":""none"",""output_dim"":2,""transform"":""identity"",""variant_id"":""jrc.attributes""}",input:jrc_surface_water,not-selected,inconclusive,False,Group evidence does not identify a standalone transform effect; unselected variants are not rejected.
jrc.direction,"{""factor_id"":""jrc_surface_water"",""fit_scope"":""none"",""output_dim"":2,""transform"":""unit_vector"",""variant_id"":""jrc.direction""}",input:jrc_surface_water,not-selected,inconclusive,False,Group evidence does not identify a standalone transform effect; unselected variants are not rejected.
jrc.distance_log1p,"{""factor_id"":""jrc_surface_water"",""fit_scope"":""none"",""output_dim"":1,""transform"":""log1p"",""variant_id"":""jrc.distance_log1p""}",input:jrc_surface_water,not-selected,inconclusive,False,Group evidence does not identify a standalone transform effect; unselected variants are not rejected.
navigable_water.direction,"{""factor_id"":""overture_navigable_water"",""fit_scope"":""none"",""output_dim"":2,""transform"":""unit_vector"",""variant_id"":""navigable_water.direction""}",input:overture_navigable_water,not-selected,inconclusive,False,Group evidence does not identify a standalone transform effect; unselected variants are not rejected.
navigable_water.distance_log1p,"{""factor_id"":""overture_navigable_water"",""fit_scope"":""none"",""output_dim"":1,""transform"":""log1p"",""variant_id"":""navigable_water.distance_log1p""}",input:overture_navigable_water,not-selected,inconclusive,False,Group evidence does not identify a standalone transform effect; unselected variants are not rejected.
navigable_water.distance_raw,"{""factor_id"":""overture_navigable_water"",""fit_scope"":""none"",""output_dim"":1,""transform"":""identity"",""variant_id"":""navigable_water.distance_raw""}",input:overture_navigable_water,not-selected,inconclusive,False,Group evidence does not identify a standalone transform effect; unselected variants are not rejected.
path.direction,"{""factor_id"":""overture_path"",""fit_scope"":""none"",""output_dim"":2,""transform"":""unit_vector"",""variant_id"":""path.direction""}",input:overture_path,not-selected,inconclusive,False,Group evidence does not identify a standalone transform effect; unselected variants are not rejected.
path.distance_log1p,"{""factor_id"":""overture_path"",""fit_scope"":""none"",""output_dim"":1,""transform"":""log1p"",""variant_id"":""path.distance_log1p""}",input:overture_path,not-selected,inconclusive,False,Group evidence does not identify a standalone transform effect; unselected variants are not rejected.
path.distance_raw,"{""factor_id"":""overture_path"",""fit_scope"":""none"",""output_dim"":1,""transform"":""identity"",""variant_id"":""path.distance_raw""}",input:overture_path,not-selected,inconclusive,False,Group evidence does not identify a standalone transform effect; unselected variants are not rejected.
rail.direction,"{""factor_id"":""overture_rail"",""fit_scope"":""none"",""output_dim"":2,""transform"":""unit_vector"",""variant_id"":""rail.direction""}",input:overture_rail,not-selected,inconclusive,False,Group evidence does not identify a standalone transform effect; unselected variants are not rejected.
rail.distance_log1p,"{""factor_id"":""overture_rail"",""fit_scope"":""none"",""output_dim"":1,""transform"":""log1p"",""variant_id"":""rail.distance_log1p""}",input:overture_rail,not-selected,inconclusive,False,Group evidence does not identify a standalone transform effect; unselected variants are not rejected.
rail.distance_raw,"{""factor_id"":""overture_rail"",""fit_scope"":""none"",""output_dim"":1,""transform"":""identity"",""variant_id"":""rail.distance_raw""}",input:overture_rail,not-selected,inconclusive,False,Group evidence does not identify a standalone transform effect; unselected variants are not rejected.
ridge.direction,"{""factor_id"":""osm_ridge"",""fit_scope"":""none"",""output_dim"":2,""transform"":""unit_vector"",""variant_id"":""ridge.direction""}",input:osm_ridge,not-selected,inconclusive,False,Group evidence does not identify a standalone transform effect; unselected variants are not rejected.
ridge.distance_log1p,"{""factor_id"":""osm_ridge"",""fit_scope"":""none"",""output_dim"":1,""transform"":""log1p"",""variant_id"":""ridge.distance_log1p""}",input:osm_ridge,not-selected,inconclusive,False,Group evidence does not identify a standalone transform effect; unselected variants are not rejected.
ridge.distance_raw,"{""factor_id"":""osm_ridge"",""fit_scope"":""none"",""output_dim"":1,""transform"":""identity"",""variant_id"":""ridge.distance_raw""}",input:osm_ridge,not-selected,inconclusive,False,Group evidence does not identify a standalone transform effect; unselected variants are not rejected.
river.direction,"{""factor_id"":""hydrorivers_river"",""fit_scope"":""none"",""output_dim"":2,""transform"":""unit_vector"",""variant_id"":""river.direction""}",input:hydrorivers_river,selected-group,,False,Group evidence does not identify a standalone transform effect; unselected variants are not rejected.
river.distance_log1p,"{""factor_id"":""hydrorivers_river"",""fit_scope"":""none"",""output_dim"":1,""transform"":""log1p"",""variant_id"":""river.distance_log1p""}",input:hydrorivers_river,selected-group,,False,Group evidence does not identify a standalone transform effect; unselected variants are not rejected.
river.distance_raw,"{""factor_id"":""hydrorivers_river"",""fit_scope"":""none"",""output_dim"":1,""transform"":""identity"",""variant_id"":""river.distance_raw""}",input:hydrorivers_river,not-selected,inconclusive,False,Group evidence does not identify a standalone transform effect; unselected variants are not rejected.
road.direction,"{""factor_id"":""overture_road"",""fit_scope"":""none"",""output_dim"":2,""transform"":""unit_vector"",""variant_id"":""road.direction""}",input:overture_road,selected-group,,False,Group evidence does not identify a standalone transform effect; unselected variants are not rejected.
road.distance_log1p,"{""factor_id"":""overture_road"",""fit_scope"":""none"",""output_dim"":1,""transform"":""log1p"",""variant_id"":""road.distance_log1p""}",input:overture_road,selected-group,,False,Group evidence does not identify a standalone transform effect; unselected variants are not rejected.
road.distance_raw,"{""factor_id"":""overture_road"",""fit_scope"":""none"",""output_dim"":1,""transform"":""identity"",""variant_id"":""road.distance_raw""}",input:overture_road,not-selected,inconclusive,False,Group evidence does not identify a standalone transform effect; unselected variants are not rejected.
surface.orientation,"{""factor_id"":""dem_surface"",""fit_scope"":""none"",""output_dim"":6,""transform"":""identity"",""variant_id"":""surface.orientation""}",input:dem_surface,selected-group,,False,Group evidence does not identify a standalone transform effect; unselected variants are not rejected.
surface.shape,"{""factor_id"":""dem_surface"",""fit_scope"":""train_only"",""output_dim"":2,""transform"":""clipped_standardize"",""variant_id"":""surface.shape""}",input:dem_surface,not-selected,inconclusive,False,Group evidence does not identify a standalone transform effect; unselected variants are not rejected.
worldcover.embedding,"{""factor_id"":""worldcover"",""fit_scope"":""model_train_only"",""output_dim"":1,""transform"":""embedding_identity"",""variant_id"":""worldcover.embedding""}",input:worldcover,not-selected,inconclusive,False,Group evidence does not identify a standalone transform effect; unselected variants are not rejected.
worldcover.grouped,"{""factor_id"":""worldcover"",""fit_scope"":""none"",""output_dim"":4,""transform"":""grouped_one_hot"",""variant_id"":""worldcover.grouped""}",input:worldcover,selected-group,,False,Group evidence does not identify a standalone transform effect; unselected variants are not rejected.
